contig_name,Top_1_label,Score_1
NC_000866.4,Escherichia coli,0.98
NC_000867.1,Pseudoalteromonas sp. 10-33,1.0
NC_000871.1,Streptococcus thermophilus,1.0
NC_000872.1,Streptococcus thermophilus,1.0
NC_000896.1,Lactobacillus johnsonii,1.0
NC_000902.1,Cronobacter sakazakii,1.0
NC_000924.1,Cronobacter sakazakii,1.0
NC_000929.1,Salmonella enterica,1.0
NC_000935.1,Escherichia coli,0.72
NC_001271.1,Pectobacterium carotovorum,1.0
NC_001317.1,Escherichia coli,0.99
NC_001335.1,Mycolicibacterium smegmatis,1.0
NC_001416.1,Cronobacter sakazakii,1.0
NC_001421.2,Burkholderia pyrrocinia,1.0
NC_001604.1,Pectobacterium carotovorum,1.0
NC_001609.1,Flavobacterium columnare,1.0
NC_001629.1,Lactococcus lactis,0.86
NC_001697.1,Vibrio cholerae,1.0
NC_001706.1,Lactococcus lactis,0.86
NC_001825.1,Streptococcus mitis,1.0
NC_001835.1,Lactococcus lactis,0.76
NC_001884.1,Staphylococcus epidermidis,0.95
NC_001895.1,Escherichia coli,0.99
NC_001900.1,Mycolicibacterium smegmatis,1.0
NC_001901.1,Enterobacter cloacae,0.99
NC_001902.1,Methanothermobacter marburgensis,1.0
NC_001909.1,Streptococcus thermophilus,1.0
NC_001942.1,Mycoplasma arthritidis,1.0
NC_001954.1,Escherichia coli,0.95
NC_001956.1,Vibrio cholerae,1.0
NC_001978.3,Streptomyces avermitilis,1.0
NC_002072.2,Streptococcus thermophilus,1.0
NC_002166.1,Escherichia coli,1.0
NC_002167.1,Klebsiella aerogenes,1.0
NC_002185.1,Streptococcus thermophilus,1.0
NC_002214.1,Streptococcus thermophilus,1.0
NC_002321.1,Staphylococcus aureus,0.99
NC_002362.1,Vibrio cholerae,1.0
NC_002371.2,Salmonella enterica,0.96
NC_002484.2,Pseudomonas aeruginosa,1.0
NC_002486.1,Staphylococcus aureus,0.92
NC_002515.1,Mycoplasma pulmonis,1.0
NC_002519.1,Vibrio parahaemolyticus,1.0
NC_002649.1,Bacillus megaterium,1.0
NC_002656.1,Mycolicibacterium smegmatis,1.0
NC_002661.2,Staphylococcus aureus,0.97
NC_002666.1,Lactococcus lactis,1.0
NC_002667.1,Lactococcus lactis,1.0
NC_002668.1,Clostridium botulinum,1.0
NC_002669.1,Lactococcus lactis,1.0
NC_002670.1,Lactococcus lactis,1.0
NC_002671.1,Lactococcus lactis,1.0
NC_002703.1,Lactococcus lactis,1.0
NC_002730.1,Escherichia coli,0.91
NC_002747.1,Streptococcus thermophilus,1.0
NC_002796.1,Lactococcus lactis,1.0
NC_003050.2,Streptococcus oralis,1.0
NC_003085.1,Myxococcus xanthus,1.0
NC_003216.1,Listeria monocytogenes,1.0
NC_003278.1,Burkholderia cenocepacia,1.0
NC_003288.1,Staphylococcus aureus,0.99
NC_003291.2,Listeria monocytogenes,1.0
NC_003298.1,Pectobacterium carotovorum,1.0
NC_003309.1,Escherichia coli,0.97
NC_003313.1,Vibrio cholerae,1.0
NC_003315.1,Vibrio cholerae,1.0
NC_003324.1,Caulobacter vibrioides,0.93
NC_003356.1,Cronobacter sakazakii,1.0
NC_003387.1,Mycolicibacterium smegmatis,1.0
NC_003390.2,Prochlorococcus marinus,1.0
NC_003444.1,Salmonella enterica,1.0
NC_003524.1,Clostridium perfringens,1.0
NC_003907.2,Vibrio parahaemolyticus,1.0
NC_004066.1,Lactococcus lactis,1.0
NC_004084.1,Halorubrum coriense,1.0
NC_004112.1,Lactobacillus paracasei,1.0
NC_004165.1,Bacillus megaterium,1.0
NC_004166.2,Streptococcus dysgalactiae,1.0
NC_004167.1,Bacillus alcalophilus,0.98
NC_004302.1,Lactococcus lactis,1.0
NC_004303.1,Streptococcus thermophilus,1.0
NC_004305.1,Lactobacillus casei,0.19
NC_004313.1,Klebsiella pneumoniae,0.98
NC_004333.2,Rhodobacter capsulatus,1.0
NC_004348.1,Salmonella enterica,0.94
NC_004456.1,Burkholderia cenocepacia,0.99
NC_004462.2,Candidatus Liberibacter asiaticus,1.0
NC_004466.2,Propionibacterium freudenreichii,0.0
NC_004584.1,Streptococcus pyogenes,1.0
NC_004585.1,Streptococcus pyogenes,1.0
NC_004586.1,Streptococcus pyogenes,1.0
NC_004587.1,Streptococcus pyogenes,1.0
NC_004588.1,Streptococcus pyogenes,1.0
NC_004589.1,Enterococcus faecalis,0.97
NC_004615.1,Staphylococcus aureus,1.0
NC_004616.1,Staphylococcus epidermidis,0.99
NC_004617.1,Staphylococcus aureus,0.98
NC_004629.1,Escherichia coli,0.55
NC_004664.2,Mycolicibacterium smegmatis,0.0
NC_004665.1,Pasteurella multocida,1.0
NC_004678.1,Staphylococcus aureus,0.97
NC_004679.1,Staphylococcus aureus,0.97
NC_004680.1,Mycolicibacterium smegmatis,1.0
NC_004681.1,Mycolicibacterium smegmatis,0.93
NC_004682.2,Mycolicibacterium smegmatis,0.99
NC_004683.1,Mycolicibacterium smegmatis,0.87
NC_004684.1,Mycolicibacterium smegmatis,0.88
NC_004685.1,Mycolicibacterium smegmatis,1.0
NC_004686.2,Mycolicibacterium smegmatis,1.0
NC_004687.1,Mycolicibacterium smegmatis,0.99
NC_004688.1,Mycolicibacterium smegmatis,1.0
NC_004689.1,Mycolicibacterium smegmatis,0.99
NC_004735.1,Sinorhizobium meliloti,1.0
NC_004740.1,Staphylococcus aureus,0.95
NC_004745.1,Escherichia coli,0.99
NC_004746.1,Lactococcus lactis,1.0
NC_004775.2,Escherichia coli,0.99
NC_004777.1,Pectobacterium carotovorum,1.0
NC_004813.1,Cronobacter sakazakii,1.0
NC_004814.1,Streptococcus dysgalactiae,1.0
NC_004820.1,Bacillus thuringiensis,1.0
NC_004821.1,Enterococcus faecalis,0.99
NC_004827.1,Aggregatibacter actinomycetemcomitans,1.0
NC_004831.2,Escherichia coli,0.99
NC_004902.1,Xanthomonas oryzae,1.0
NC_004913.3,Escherichia coli,0.99
NC_004914.3,Escherichia coli,0.99
NC_004928.1,Escherichia coli,0.98
NC_004996.1,Streptococcus pneumoniae,0.98
NC_005045.1,Pseudomonas fluorescens,1.0
NC_005056.1,Escherichia coli,1.0
NC_005066.1,Proteus mirabilis,1.0
NC_005069.1,Salmonella enterica,1.0
NC_005083.2,Escherichia coli,1.0
NC_005091.2,Aeromonas hydrophila,0.94
NC_005135.1,Escherichia coli,1.0
NC_005178.1,Pseudomonas aeruginosa,1.0
NC_005258.1,Bacillus cereus,1.0
NC_005259.1,Mycolicibacterium smegmatis,1.0
NC_005260.1,Aeromonas hydrophila,1.0
NC_005262.3,Rhodobacter capsulatus,0.03
NC_005263.2,Azospirillum brasilense,1.0
NC_005282.1,Erwinia amylovora,1.0
NC_005284.1,Candidatus Hamiltonella defensa,1.0
NC_005294.1,Streptococcus oralis,1.0
NC_005340.1,Burkholderia cenocepacia,1.0
NC_005342.2,Burkholderia cepacia,1.0
NC_005344.1,Cronobacter sakazakii,1.0
NC_005345.2,Streptomyces flavovirens,1.0
NC_005354.1,Lactobacillus johnsonii,1.0
NC_005355.1,Lactobacillus gasseri,1.0
NC_005356.1,Staphylococcus aureus,0.9
NC_005357.1,Escherichia coli,0.42
NC_005822.1,Lactococcus lactis,1.0
NC_005833.1,Enterobacter cancerogenus,1.0
NC_005841.1,Escherichia coli,0.95
NC_005856.1,Burkholderia cenocepacia,1.0
NC_005857.1,Citrobacter rodentium,1.0
NC_005859.1,Escherichia coli,0.99
NC_005879.1,Vibrio cholerae,1.0
NC_005880.2,Clostridium tetani,0.16
NC_005882.1,Pseudomonas aeruginosa,0.85
NC_005884.1,Escherichia coli,1.0
NC_005885.1,Gordonia terrae,0.47
NC_005886.2,Escherichia coli,0.89
NC_005887.1,Candidatus Hamiltonella defensa,0.61
NC_005891.1,Vibrio cholerae,1.0
NC_005893.1,Lactobacillus paracasei,1.0
NC_006356.2,Cellulophaga baltica,1.0
NC_006548.1,Pseudomonas aeruginosa,1.0
NC_006552.1,Pseudomonas aeruginosa,1.0
NC_006557.1,Lactobacillus delbrueckii,1.0
NC_006565.1,Bacillus subtilis,0.99
NC_006820.1,Prochlorococcus marinus,1.0
NC_006882.2,Prochlorococcus marinus,1.0
NC_006883.2,Prochlorococcus marinus,1.0
NC_006884.2,Prochlorococcus marinus,1.0
NC_006936.1,Weissella cibaria,0.69
NC_006938.1,Pseudomonas aeruginosa,0.84
NC_006940.2,Pseudoalteromonas atlantica,0.79
NC_006945.1,Bacillus cereus,1.0
NC_006949.1,Salmonella enterica,0.99
NC_006953.1,Pseudoalteromonas atlantica,0.8
NC_007019.1,Streptococcus thermophilus,1.0
NC_007021.1,Clostridium tetani,0.17
NC_007022.1,Escherichia coli,1.0
NC_007023.1,Escherichia coli,1.0
NC_007024.1,Pseudomonas aeruginosa,1.0
NC_007045.1,Staphylococcus aureus,1.0
NC_007046.1,Staphylococcus aureus,0.97
NC_007047.1,Staphylococcus aureus,0.98
NC_007048.1,Staphylococcus aureus,0.99
NC_007049.1,Staphylococcus aureus,0.98
NC_007050.1,Staphylococcus aureus,0.99
NC_007051.1,Staphylococcus epidermidis,0.99
NC_007052.1,Staphylococcus aureus,0.95
NC_007053.1,Staphylococcus epidermidis,0.95
NC_007054.1,Staphylococcus epidermidis,0.99
NC_007055.1,Staphylococcus aureus,1.0
NC_007056.1,Staphylococcus aureus,1.0
NC_007057.1,Staphylococcus aureus,0.98
NC_007058.1,Staphylococcus aureus,0.95
NC_007059.1,Staphylococcus aureus,0.97
NC_007060.1,Staphylococcus aureus,0.98
NC_007061.1,Staphylococcus aureus,0.99
NC_007062.1,Staphylococcus aureus,0.98
NC_007063.1,Staphylococcus aureus,0.97
NC_007064.1,Staphylococcus aureus,0.98
NC_007065.1,Staphylococcus aureus,0.98
NC_007066.1,Clostridium tetani,0.16
NC_007145.2,Erwinia amylovora,1.0
NC_007149.1,Pasteurella multocida,1.0
NC_007291.1,Enterobacter cancerogenus,1.0
NC_007451.1,Burkholderia pyrrocinia,1.0
NC_007456.1,Pectobacterium carotovorum,1.0
NC_007458.1,Bacillus thuringiensis,1.0
NC_007497.1,Burkholderia ambifaria,0.97
NC_007501.1,Lactobacillus paracasei,1.0
NC_007581.1,Acidianus hospitalis,1.0
NC_007603.1,Enterobacter cancerogenus,1.0
NC_007610.1,Listeria monocytogenes,1.0
NC_007623.1,Pseudomonas aeruginosa,1.0
NC_007637.1,Escherichia coli,1.0
NC_007709.1,Xanthomonas oryzae,1.0
NC_007710.1,Xanthomonas oryzae,1.0
NC_007734.1,Bacillus thuringiensis,1.0
NC_007804.2,Escherichia coli,0.99
NC_007805.1,Pseudomonas aeruginosa,1.0
NC_007806.1,Stenotrophomonas maltophilia,0.92
NC_007807.1,Escherichia coli,1.0
NC_007808.1,Vibrio parahaemolyticus,1.0
NC_007809.1,Pseudomonas aeruginosa,0.95
NC_007810.1,Pseudomonas aeruginosa,1.0
NC_007814.1,Bacillus thuringiensis,1.0
NC_007902.1,Pectobacterium atrosepticum,0.95
NC_007917.1,Clostridioides difficile,1.0
NC_007924.1,Lactobacillus gasseri,1.0
NC_007967.1,Kitasatospora aureofaciens,1.0
NC_008152.1,Escherichia coli,1.0
NC_008193.1,Pasteurella multocida,1.0
NC_008194.1,Mycolicibacterium smegmatis,0.95
NC_008195.1,Mycolicibacterium smegmatis,0.74
NC_008196.1,Mycolicibacterium smegmatis,1.0
NC_008197.1,Mycolicibacterium smegmatis,1.0
NC_008198.1,Mycolicibacterium smegmatis,1.0
NC_008199.1,Gordonia terrae,0.81
NC_008200.1,Ruegeria pomeroyi,1.0
NC_008201.1,Mannheimia haemolytica,1.0
NC_008202.2,Mycolicibacterium smegmatis,0.1
NC_008203.1,Mycolicibacterium smegmatis,1.0
NC_008204.1,Gordonia terrae,0.83
NC_008205.1,Mycolicibacterium smegmatis,1.0
NC_008206.2,Mycolicibacterium smegmatis,0.03
NC_008207.1,Mycolicibacterium smegmatis,1.0
NC_008208.1,Escherichia coli,1.0
NC_008265.1,Clostridium perfringens,1.0
NC_008296.2,Synechococcus sp. WH 8109,0.93
NC_008363.1,Lactococcus lactis,0.83
NC_008364.1,Lactococcus lactis,1.0
NC_008367.1,Trichormus variabilis,1.0
NC_008370.1,Streptococcus thermophilus,1.0
NC_008371.1,Lactococcus lactis,0.76
NC_008376.2,Bacillus alcalophilus,0.99
NC_008464.1,Cronobacter sakazakii,1.0
NC_008515.1,Escherichia coli,0.98
NC_008562.1,Microcystis aeruginosa,1.0
NC_008574.2,Ralstonia solanacearum,1.0
NC_008583.1,Staphylococcus aureus,0.99
NC_008584.1,Mycoplasma pulmonis,0.0
NC_008617.1,Staphylococcus aureus,0.98
NC_008689.1,Staphylococcus aureus,0.92
NC_008694.1,Pectobacterium carotovorum,1.0
NC_008695.1,Halorubrum coriense,1.0
NC_008717.1,Pseudomonas aeruginosa,1.0
NC_008720.1,Escherichia coli,1.0
NC_008721.2,Streptococcus pyogenes,0.55
NC_008722.1,Staphylococcus epidermidis,1.0
NC_008723.1,Staphylococcus epidermidis,1.0
NC_008798.1,Staphylococcus aureus,0.99
NC_008799.1,Staphylococcus aureus,1.0
NC_009014.1,Escherichia coli,1.0
NC_009015.1,Pseudomonas aeruginosa,0.96
NC_009016.1,Burkholderia cenocepacia,1.0
NC_009018.1,Streptococcus dysgalactiae,1.0
NC_009231.1,Clostridioides difficile,1.0
NC_009232.2,Xanthomonas campestris,1.0
NC_009234.1,Pseudomonas aeruginosa,1.0
NC_009235.2,Burkholderia ambifaria,0.96
NC_009236.1,Erwinia amylovora,1.0
NC_009237.1,Rhodobacter capsulatus,0.53
NC_009382.1,Burkholderia cenocepacia,1.0
NC_009447.1,Burkholderia cepacia,1.0
NC_009514.1,Escherichia coli,1.0
NC_009526.1,Staphylococcus aureus,0.98
NC_009531.1,Synechococcus sp. WH 8109,1.0
NC_009540.1,Enterobacter cancerogenus,1.0
NC_009541.1,Cutibacterium acnes,1.0
NC_009542.2,Vibrio cholerae,0.99
NC_009543.1,Xanthomonas oryzae,1.0
NC_009551.1,Trichormus variabilis,1.0
NC_009552.3,Bacillus subtilis,0.97
NC_009554.1,Lactobacillus delbrueckii,1.0
NC_009603.1,Gordonia terrae,0.99
NC_009604.1,Burkholderia cepacia,1.0
NC_009643.1,Actinomyces naeslundii,1.0
NC_009737.2,Listeria monocytogenes,1.0
NC_009760.1,Bacillus thuringiensis,1.0
NC_009799.3,Gordonia terrae,0.11
NC_009803.1,Rhodovulum sp. P5,0.0
NC_009804.1,Streptomyces flavovirens,1.0
NC_009810.1,Listeria monocytogenes,1.0
NC_009811.2,Listeria monocytogenes,1.0
NC_009812.1,Listeria monocytogenes,1.0
NC_009813.1,Listeria monocytogenes,1.0
NC_009814.1,Listeria monocytogenes,1.0
NC_009815.1,Listeria monocytogenes,1.0
NC_009816.1,Mycolicibacterium smegmatis,0.96
NC_009817.1,Lactococcus lactis,1.0
NC_009818.1,Pseudomonas aeruginosa,1.0
NC_009819.1,Streptococcus pyogenes,1.0
NC_009820.1,Mycolicibacterium smegmatis,1.0
NC_009821.1,Escherichia coli,1.0
NC_009875.1,Staphylococcus aureus,0.97
NC_009877.1,Mycolicibacterium smegmatis,1.0
NC_009878.1,Mycolicibacterium smegmatis,1.0
NC_009904.1,Enterococcus faecalis,1.0
NC_009935.1,Pseudomonas aeruginosa,1.0
NC_009936.1,Pseudomonas fluorescens,1.0
NC_009990.1,Vibrio vulnificus,1.0
NC_009993.2,Gordonia terrae,0.98
NC_010105.1,Escherichia coli,0.96
NC_010106.1,Erwinia amylovora,0.98
NC_010116.1,Pseudomonas aeruginosa,0.95
NC_010147.1,Staphylococcus aureus,0.99
NC_010179.2,Lactobacillus johnsonii,1.0
NC_010237.1,Cronobacter sakazakii,1.0
NC_010324.1,Escherichia coli,1.0
NC_010325.1,Pseudomonas aeruginosa,1.0
NC_010326.1,Pseudomonas aeruginosa,1.0
NC_010342.1,Burkholderia cenocepacia,1.0
NC_010353.1,Streptococcus thermophilus,1.0
NC_010355.1,Azospirillum brasilense,1.0
NC_010363.1,Lactococcus lactis,1.0
NC_010391.1,Salmonella enterica,1.0
NC_010392.1,Salmonella enterica,1.0
NC_010393.1,Escherichia coli,0.99
NC_010463.1,Escherichia coli,0.98
NC_010495.1,Klebsiella pneumoniae,1.0
NC_010576.1,Lactococcus lactis,1.0
NC_010583.1,Escherichia coli,1.0
NC_010807.1,Pectobacterium carotovorum,1.0
NC_010808.1,Staphylococcus aureus,0.99
NC_010811.2,Pseudomonas aeruginosa,0.94
NC_010821.1,Pseudomonas aeruginosa,0.42
NC_010945.1,Streptococcus oralis,1.0
NC_011019.1,Mycolicibacterium smegmatis,1.0
NC_011020.1,Mycolicibacterium smegmatis,1.0
NC_011021.1,Mycolicibacterium smegmatis,1.0
NC_011022.1,Mycolicibacterium smegmatis,1.0
NC_011023.1,Mycolicibacterium smegmatis,1.0
NC_011038.1,Pectobacterium carotovorum,1.0
NC_011039.1,Mycolicibacterium smegmatis,0.98
NC_011040.1,Pectobacterium carotovorum,1.0
NC_011041.1,Escherichia coli,1.0
NC_011042.1,Pasteurella multocida,1.0
NC_011043.1,Pectobacterium carotovorum,1.0
NC_011044.1,Mycolicibacterium smegmatis,0.88
NC_011045.1,Pectobacterium carotovorum,1.0
NC_011046.1,Lactococcus lactis,0.76
NC_011048.1,Bacillus subtilis,1.0
NC_011054.1,Mycolicibacterium smegmatis,1.0
NC_011055.1,Mycolicibacterium smegmatis,0.93
NC_011056.1,Mycolicibacterium smegmatis,1.0
NC_011057.1,Gordonia terrae,0.81
NC_011085.3,Pectobacterium carotovorum,1.0
NC_011103.1,Pseudomonas aeruginosa,0.94
NC_011104.1,Lactobacillus casei,1.0
NC_011107.1,Pseudomonas fluorescens,1.0
NC_011142.1,Vibrio cholerae,1.0
NC_011165.1,Pseudomonas aeruginosa,1.0
NC_011166.1,Pseudomonas aeruginosa,1.0
NC_011167.1,Bacillus thuringiensis,1.0
NC_011201.1,Pantoea agglomerans,0.93
NC_011216.1,Burkholderia cenocepacia,1.0
NC_011222.1,Bacteroides fragilis,1.0
NC_011267.1,Mycolicibacterium smegmatis,1.0
NC_011269.2,Mycolicibacterium smegmatis,0.99
NC_011270.1,Mycolicibacterium smegmatis,0.99
NC_011271.1,Rhodococcus hoagii,0.99
NC_011272.1,Mycolicibacterium smegmatis,1.0
NC_011273.1,Mycolicibacterium smegmatis,0.95
NC_011285.1,Mycolicibacterium smegmatis,1.0
NC_011287.1,Mycolicibacterium smegmatis,1.0
NC_011288.1,Mycolicibacterium smegmatis,1.0
NC_011289.1,Mycolicibacterium smegmatis,1.0
NC_011290.1,Ruegeria pomeroyi,1.0
NC_011291.1,Mycolicibacterium smegmatis,1.0
NC_011292.1,Mycolicibacterium smegmatis,1.0
NC_011308.1,Listeria monocytogenes,1.0
NC_011318.1,Clostridium perfringens,1.0
NC_011344.1,Staphylococcus epidermidis,0.99
NC_011356.1,Escherichia coli,0.99
NC_011357.1,Escherichia coli,0.99
NC_011373.1,Pseudomonas aeruginosa,1.0
NC_011398.1,Clostridioides difficile,1.0
NC_011399.1,Ralstonia solanacearum,1.0
NC_011421.1,Bacillus anthracis,1.0
NC_011523.1,Bacillus thuringiensis,0.98
NC_011534.1,Pectobacterium carotovorum,1.0
NC_011551.1,Escherichia coli,0.72
NC_011589.1,Acinetobacter baumannii,1.0
NC_011611.1,Pseudomonas aeruginosa,1.0
NC_011612.1,Staphylococcus aureus,0.92
NC_011613.1,Pseudomonas aeruginosa,1.0
NC_011614.1,Staphylococcus aureus,0.99
NC_011645.1,Bacillus thuringiensis,1.0
NC_011703.1,Pseudomonas aeruginosa,1.0
NC_011756.1,Pseudomonas aeruginosa,1.0
NC_011801.1,Lactobacillus jensenii,1.0
NC_011802.1,Cronobacter sakazakii,1.0
NC_011810.1,Pseudomonas aeruginosa,1.0
NC_011811.1,Erwinia amylovora,1.0
NC_011976.1,Escherichia coli,0.96
NC_012027.1,Gordonia terrae,0.81
NC_012223.2,Salmonella enterica,1.0
NC_012418.1,Pseudomonas fluorescens,1.0
NC_012419.1,Candidatus Hamiltonella defensa,0.26
NC_012530.1,Bacillus subtilis,1.0
NC_012635.1,Escherichia coli,0.96
NC_012638.1,Escherichia coli,0.98
NC_012662.1,Vibrio parahaemolyticus,1.0
NC_012663.1,Lactococcus lactis,1.0
NC_012696.1,Sulfitobacter sp. EE-36,1.0
NC_012697.1,Ruegeria pomeroyi,1.0
NC_012740.1,Escherichia coli,1.0
NC_012741.1,Escherichia coli,1.0
NC_012742.1,Xylella fastidiosa,0.91
NC_012743.2,Rhodobacter capsulatus,0.0
NC_012749.1,Erwinia amylovora,1.0
NC_012753.1,Streptococcus thermophilus,1.0
NC_012756.1,Streptococcus pneumoniae,1.0
NC_012784.1,Staphylococcus aureus,0.98
NC_012788.1,Mycolicibacterium smegmatis,0.1
NC_012884.1,Streptococcus mutans,1.0
NC_013021.1,Prochlorococcus marinus,1.0
NC_013055.1,Burkholderia ambifaria,0.99
NC_013059.1,Escherichia coli,0.95
NC_013085.1,Synechococcus sp. WH 8109,0.96
NC_013152.1,Lactococcus lactis,0.83
NC_013153.1,Streptococcus thermophilus,1.0
NC_013154.1,Streptococcus thermophilus,1.0
NC_013155.1,Lactococcus lactis,0.83
NC_013195.1,Staphylococcus aureus,0.96
NC_013197.1,Streptococcus gordonii,1.0
NC_013594.1,Salmonella enterica,1.0
NC_013597.1,Candidatus Hamiltonella defensa,1.0
NC_013598.1,Streptococcus thermophilus,1.0
NC_013599.1,Xylella fastidiosa,1.0
NC_013600.1,Salmonella enterica,1.0
NC_013638.1,Pseudomonas fluorescens,1.0
NC_013643.1,Enterococcus faecalis,1.0
NC_013644.1,Enterococcus faecalis,0.99
NC_013645.1,Streptococcus thermophilus,1.0
NC_013646.1,Enterococcus faecalis,1.0
NC_013647.1,Pectobacterium carotovorum,1.0
NC_013648.1,Lactococcus lactis,0.99
NC_013649.2,Acinetobacter baumannii,1.0
NC_013650.1,Rhodococcus hoagii,1.0
NC_013651.1,Pectobacterium carotovorum,0.98
NC_013691.1,Pseudomonas aeruginosa,1.0
NC_013692.1,Pseudomonas aeruginosa,1.0
NC_013693.1,Escherichia coli,0.99
NC_013694.1,Mycolicibacterium smegmatis,1.0
NC_013696.1,Enterococcus faecalis,1.0
NC_013697.1,Escherichia coli,0.99
NC_013698.1,Clavibacter michiganensis,1.0
NC_013936.1,Mycolicibacterium smegmatis,1.0
NC_014036.1,Escherichia coli,1.0
NC_014229.1,Streptomyces avermitilis,1.0
NC_014260.1,Escherichia coli,0.95
NC_014457.1,Clostridium perfringens,0.2
NC_014458.1,Mycolicibacterium smegmatis,1.0
NC_014459.2,Mycolicibacterium smegmatis,1.0
NC_014460.1,Staphylococcus aureus,1.0
NC_014461.1,Mycolicibacterium smegmatis,1.0
NC_014467.1,Escherichia coli,1.0
NC_014595.1,Escherichia coli,0.96
NC_014635.1,Aeromonas salmonicida,1.0
NC_014636.1,Aeromonas salmonicida,1.0
NC_014660.1,Proteus mirabilis,1.0
NC_014661.1,Acinetobacter johnsonii,1.0
NC_014662.1,Yersinia enterocolitica,1.0
NC_014663.1,Acinetobacter johnsonii,1.0
NC_014792.1,Escherichia coli,1.0
NC_014900.1,Cronobacter sakazakii,1.0
NC_014901.1,Mycolicibacterium smegmatis,1.0
NC_015157.1,Vibrio cholerae,1.0
NC_015158.1,Vibrio cholerae,1.0
NC_015159.1,Pectobacterium carotovorum,0.98
NC_015208.1,Pectobacterium carotovorum,1.0
NC_015209.1,Vibrio cholerae,0.97
NC_015210.1,Actinomyces naeslundii,1.0
NC_015249.1,Pectobacterium carotovorum,1.0
NC_015250.1,Streptococcus gordonii,1.0
NC_015251.1,Yersinia enterocolitica,1.0
NC_015252.1,Enterococcus faecium,1.0
NC_015253.1,Bacillus subtilis,1.0
NC_015254.1,Streptococcus mitis,0.99
NC_015262.1,Clostridioides difficile,1.0
NC_015263.1,Listeria monocytogenes,0.86
NC_015264.1,Pasteurella multocida,1.0
NC_015265.1,Burkholderia cenocepacia,1.0
NC_015266.1,Burkholderia cenocepacia,1.0
NC_015269.1,Escherichia coli,0.99
NC_015270.1,Enterococcus faecalis,1.0
NC_015271.1,Salmonella enterica,1.0
NC_015272.2,Pseudomonas aeruginosa,0.99
NC_015273.1,Ralstonia solanacearum,1.0
NC_015274.1,Streptococcus oralis,1.0
NC_015279.1,Prochlorococcus marinus,1.0
NC_015280.1,Prochlorococcus marinus,1.0
NC_015281.1,Synechococcus sp. WH 8102,1.0
NC_015282.1,Prochlorococcus marinus,1.0
NC_015283.1,Prochlorococcus marinus,1.0
NC_015284.1,Prochlorococcus marinus,1.0
NC_015285.1,Prochlorococcus marinus,1.0
NC_015286.1,Synechococcus sp. WH 8109,1.0
NC_015287.1,Prochlorococcus marinus,1.0
NC_015288.1,Prochlorococcus marinus,0.98
NC_015289.1,Synechococcus sp. WH 8102,1.0
NC_015290.1,Prochlorococcus marinus,1.0
NC_015292.1,Erwinia amylovora,1.0
NC_015293.1,Pseudoalteromonas atlantica,1.0
NC_015294.2,Pseudomonas aeruginosa,0.67
NC_015295.1,Erwinia amylovora,1.0
NC_015296.1,Escherichia coli,1.0
NC_015453.1,Cutibacterium acnes,1.0
NC_015454.1,Cutibacterium acnes,1.0
NC_015456.1,Enterobacter cancerogenus,1.0
NC_015457.1,Escherichia coli,0.98
NC_015463.1,Synechococcus sp. WH 8102,1.0
NC_015464.1,Campylobacter jejuni,1.0
NC_015465.1,Candidatus Hamiltonella defensa,1.0
NC_015466.1,Vibrio parahaemolyticus,0.95
NC_015568.1,Clostridioides difficile,1.0
NC_015569.1,Prochlorococcus marinus,0.99
NC_015584.1,Mycolicibacterium smegmatis,0.14
NC_015585.1,Pantoea agglomerans,1.0
NC_015719.1,Pectobacterium carotovorum,1.0
NC_015720.1,Gordonia terrae,1.0
NC_015721.1,Geobacillus kaustophilus,1.0
NC_015933.1,Escherichia coli,1.0
NC_015937.1,Mycoplasma pulmonis,0.0
NC_015938.1,Escherichia coli,1.0
NC_016071.1,Escherichia coli,0.98
NC_016073.1,Escherichia coli,1.0
NC_016158.1,Escherichia coli,1.0
NC_016160.1,Escherichia coli,1.0
NC_016161.1,Lactobacillus plantarum,1.0
NC_016163.1,Yersinia enterocolitica,1.0
NC_016164.1,Pseudoalteromonas atlantica,1.0
NC_016165.1,Rhodobacter capsulatus,1.0
NC_016166.1,Gordonia terrae,1.0
NC_016434.1,Gordonia terrae,1.0
NC_016435.1,Gordonia terrae,1.0
NC_016562.1,Campylobacter jejuni,1.0
NC_016563.1,Bacillus cereus,1.0
NC_016564.1,Planktothrix agardhii,1.0
NC_016565.1,Staphylococcus aureus,0.97
NC_016566.1,Salmonella enterica,1.0
NC_016567.1,Rhizobium leguminosarum,1.0
NC_016568.1,Helicobacter pylori,1.0
NC_016569.1,Gordonia terrae,0.27
NC_016570.1,Escherichia coli,0.99
NC_016571.1,Pseudomonas fluorescens,1.0
NC_016650.1,Gordonia terrae,0.23
NC_016651.1,Gordonia terrae,1.0
NC_016652.1,Gordonia terrae,1.0
NC_016653.1,Mycolicibacterium smegmatis,0.33
NC_016654.1,Rhodococcus hoagii,1.0
NC_016655.1,Gordonia terrae,1.0
NC_016656.1,Prochlorococcus marinus,1.0
NC_016657.1,Prochlorococcus marinus,1.0
NC_016658.1,Prochlorococcus marinus,0.98
NC_016659.1,Prochlorococcus marinus,1.0
NC_016761.1,Escherichia coli,0.98
NC_016762.1,Pseudomonas aeruginosa,1.0
NC_016763.1,Pseudoalteromonas atlantica,0.74
NC_016764.1,Pantoea agglomerans,0.93
NC_016765.1,Pseudomonas aeruginosa,1.0
NC_016766.1,Synechococcus sp. CB0101,1.0
NC_016767.1,Pectobacterium carotovorum,1.0
NC_016770.1,Bacteroides fragilis,1.0
NC_017674.1,Pseudomonas aeruginosa,1.0
NC_017688.1,Lactococcus lactis,0.83
NC_017695.1,Lactococcus lactis,0.83
NC_017696.1,Lactococcus lactis,0.76
NC_017698.1,Lactococcus lactis,0.76
NC_017702.1,Lactococcus lactis,1.0
NC_017732.1,Enterococcus faecalis,1.0
NC_017864.1,Pseudomonas aeruginosa,1.0
NC_017865.1,Pseudomonas aeruginosa,1.0
NC_017968.1,Staphylococcus aureus,0.98
NC_017969.1,Escherichia coli,0.99
NC_017971.2,Pseudomonas putida,1.0
NC_017972.1,Pseudomonas aeruginosa,1.0
NC_017973.1,Mycolicibacterium smegmatis,1.0
NC_017974.1,Escherichia coli,1.0
NC_017975.1,Pseudomonas aeruginosa,0.42
NC_017976.1,Listeria monocytogenes,1.0
NC_017978.1,Clostridium perfringens,1.0
NC_017980.1,Clostridium perfringens,1.0
NC_017981.1,Klebsiella pneumoniae,0.99
NC_017983.1,Salisaeta longa,1.0
NC_017984.1,Acinetobacter johnsonii,0.99
NC_017985.1,Salmonella enterica,0.94
NC_018083.1,Clostridium perfringens,1.0
NC_018084.1,Clostridium perfringens,1.0
NC_018085.1,Bacillus thuringiensis,0.99
NC_018086.1,Enterococcus faecalis,1.0
NC_018087.3,Acinetobacter baumannii,1.0
NC_018088.1,Colwellia psychrerythraea,1.0
NC_018264.1,Thermoanaerobacterium saccharolyticum,1.0
NC_018269.1,Vibrio cholerae,0.99
NC_018270.1,Weissella cibaria,1.0
NC_018271.1,Staphylococcus xylosus,1.0
NC_018272.1,Staphylococcus xylosus,1.0
NC_018273.1,Leuconostoc pseudomesenteroides,0.98
NC_018274.1,Pseudomonas aeruginosa,1.0
NC_018275.1,Salmonella enterica,0.89
NC_018276.1,Bdellovibrio bacteriovorus,0.94
NC_018277.1,Bacillus thuringiensis,0.99
NC_018278.1,Pseudomonas aeruginosa,1.0
NC_018279.1,Cronobacter sakazakii,1.0
NC_018280.1,Vibrio parahaemolyticus,1.0
NC_018281.1,Staphylococcus hominis,1.0
NC_018282.1,Pseudomonas aeruginosa,0.95
NC_018283.1,Aeromonas hydrophila,0.84
NC_018284.1,Staphylococcus epidermidis,1.0
NC_018285.1,Streptococcus salivarius,1.0
NC_018452.1,Rhodobacter capsulatus,0.0
NC_018454.1,Escherichia coli,1.0
NC_018831.1,Listeria monocytogenes,1.0
NC_018832.1,Aeromonas hydrophila,0.94
NC_018834.1,Cutibacterium acnes,1.0
NC_018835.1,Escherichia coli,1.0
NC_018836.1,Streptomyces griseus,1.0
NC_018837.1,Salmonella enterica,0.99
NC_018838.1,Cutibacterium acnes,1.0
NC_018839.1,Cutibacterium acnes,1.0
NC_018840.1,Cutibacterium acnes,1.0
NC_018841.1,Cutibacterium acnes,1.0
NC_018842.1,Cutibacterium acnes,1.0
NC_018843.1,Candidatus Hamiltonella defensa,1.0
NC_018845.1,Cutibacterium acnes,1.0
NC_018846.1,Escherichia coli,0.99
NC_018847.1,Cutibacterium acnes,1.0
NC_018848.1,Streptomyces flavovirens,1.0
NC_018849.1,Cutibacterium acnes,1.0
NC_018850.2,Pseudomonas fluorescens,1.0
NC_018851.1,Cutibacterium acnes,1.0
NC_018852.1,Cutibacterium acnes,1.0
NC_018853.1,Streptomyces avermitilis,1.0
NC_018854.1,Escherichia coli,1.0
NC_018855.1,Escherichia coli,1.0
NC_018856.1,Bacillus cereus,1.0
NC_018857.1,Bacillus cereus,1.0
NC_018859.1,Escherichia coli,1.0
NC_018860.1,Bacillus megaterium,1.0
NC_018861.1,Campylobacter jejuni,1.0
NC_018863.1,Bacillus megaterium,1.0
NC_019398.1,Escherichia coli,1.0
NC_019399.1,Escherichia coli,1.0
NC_019400.1,Escherichia coli,0.98
NC_019401.1,Pectobacterium carotovorum,1.0
NC_019402.1,Cronobacter sakazakii,1.0
NC_019403.1,Escherichia coli,1.0
NC_019404.1,Enterobacter cancerogenus,1.0
NC_019405.1,Caulobacter vibrioides,0.88
NC_019406.1,Caulobacter vibrioides,1.0
NC_019407.1,Caulobacter vibrioides,0.88
NC_019408.1,Caulobacter vibrioides,1.0
NC_019410.1,Streptomyces venezuelae,1.0
NC_019411.1,Caulobacter vibrioides,0.83
NC_019414.1,Streptomyces griseus,1.0
NC_019416.1,Pasteurella multocida,1.0
NC_019417.1,Aeromonas hydrophila,0.94
NC_019418.1,Streptococcus thermophilus,0.56
NC_019419.2,Salmonella enterica,1.0
NC_019420.1,Vibrio parahaemolyticus,1.0
NC_019421.1,Clostridioides difficile,1.0
NC_019422.1,Clostridioides difficile,1.0
NC_019423.1,Escherichia coli,1.0
NC_019442.1,Escherichia coli,0.99
NC_019443.1,Prochlorococcus marinus,1.0
NC_019444.1,Prochlorococcus marinus,0.98
NC_019445.1,Escherichia coli,0.99
NC_019446.1,Sulfitobacter sp. CB2047,0.74
NC_019447.1,Sulfitobacter sp. CB2047,0.95
NC_019448.1,Staphylococcus haemolyticus,0.11
NC_019449.1,Lactobacillus delbrueckii,1.0
NC_019450.1,Pseudomonas aeruginosa,1.0
NC_019451.1,Pseudomonas aeruginosa,1.0
NC_019452.1,Escherichia coli,1.0
NC_019454.1,Acinetobacter baumannii,1.0
NC_019455.1,Pseudomonas aeruginosa,1.0
NC_019456.1,Lactobacillus delbrueckii,1.0
NC_019457.1,Vibrio cholerae,1.0
NC_019485.1,Enterobacter cloacae,1.0
NC_019486.1,Lactobacillus fermentum,1.0
NC_019487.1,Bacillus pumilus,0.01
NC_019488.1,Aeromonas media,0.93
NC_019489.1,Lactobacillus casei,0.86
NC_019490.1,Riemerella anatipestifer,1.0
NC_019496.1,Clostridium perfringens,1.0
NC_019500.1,Escherichia coli,1.0
NC_019501.1,Cronobacter sakazakii,1.0
NC_019502.1,Bacillus thuringiensis,1.0
NC_019503.1,Escherichia coli,1.0
NC_019504.1,Erwinia amylovora,1.0
NC_019505.1,Proteus mirabilis,0.99
NC_019506.1,Clostridium perfringens,1.0
NC_019507.1,Cellulophaga baltica,0.04
NC_019508.1,Clostridium perfringens,1.0
NC_019509.1,Cronobacter sakazakii,1.0
NC_019510.1,Pectobacterium carotovorum,1.0
NC_019511.1,Clostridium tetani,0.28
NC_019512.1,Helicobacter pylori,1.0
NC_019513.1,Staphylococcus epidermidis,0.98
NC_019514.1,Erwinia amylovora,1.0
NC_019515.1,Bacillus cereus,1.0
NC_019516.1,Synechococcus sp. WH 8102,1.0
NC_019517.1,Escherichia coli,1.0
NC_019518.1,Vibrio cholerae,1.0
NC_019519.1,Escherichia coli,0.0
NC_019520.1,Pantoea agglomerans,0.93
NC_019521.1,Listeria monocytogenes,1.0
NC_019522.1,Yersinia enterocolitica,1.0
NC_019523.1,Clostridium perfringens,1.0
NC_019524.2,Aggregatibacter actinomycetemcomitans,1.0
NC_019525.1,Bdellovibrio bacteriovorus,1.0
NC_019526.1,Escherichia coli,1.0
NC_019527.1,Aeromonas media,1.0
NC_019528.1,Aeromonas salmonicida,1.0
NC_019529.1,Yersinia enterocolitica,1.0
NC_019530.1,Escherichia coli,1.0
NC_019538.1,Escherichia coli,1.0
NC_019539.1,Pseudoalteromonas atlantica,0.8
NC_019540.1,Paenibacillus larvae,1.0
NC_019541.1,Alteromonas macleodii,1.0
NC_019542.1,Escherichia coli,1.0
NC_019543.1,Aeromonas salmonicida,1.0
NC_019544.1,Croceibacter atlanticus,0.21
NC_019545.1,Salmonella enterica,1.0
NC_019549.1,Candidatus Liberibacter asiaticus,1.0
NC_019550.1,Candidatus Liberibacter asiaticus,1.0
NC_019704.1,Escherichia coli,1.0
NC_019705.1,Enterobacter cancerogenus,1.0
NC_019706.1,Cronobacter sakazakii,1.0
NC_019708.1,Escherichia coli,0.99
NC_019709.1,Escherichia coli,1.0
NC_019710.1,Escherichia coli,0.99
NC_019711.1,Enterobacter cancerogenus,1.0
NC_019713.1,Vibrio parahaemolyticus,1.0
NC_019714.1,Cronobacter sakazakii,1.0
NC_019715.1,Cronobacter sakazakii,1.0
NC_019716.1,Escherichia coli,1.0
NC_019717.1,Escherichia coli,0.99
NC_019718.1,Enterobacter cancerogenus,1.0
NC_019719.1,Enterobacter cancerogenus,1.0
NC_019720.1,Escherichia coli,0.99
NC_019721.1,Escherichia coli,1.0
NC_019722.1,Burkholderia cenocepacia,0.99
NC_019723.1,Cronobacter sakazakii,1.0
NC_019724.1,Salmonella enterica,1.0
NC_019725.1,Enterobacter cancerogenus,1.0
NC_019726.1,Staphylococcus haemolyticus,0.11
NC_019767.1,Cronobacter sakazakii,1.0
NC_019768.1,Cronobacter sakazakii,1.0
NC_019769.1,Enterobacter cancerogenus,1.0
NC_019782.1,Enterococcus faecalis,0.2
NC_019813.1,Pseudomonas aeruginosa,1.0
NC_019909.1,Yersinia enterocolitica,1.0
NC_019910.1,Escherichia coli,1.0
NC_019911.2,Yersinia enterocolitica,1.0
NC_019912.1,Bacillus thuringiensis,1.0
NC_019913.1,Pseudomonas aeruginosa,0.67
NC_019914.1,Staphylococcus aureus,1.0
NC_019915.1,Staphylococcus aureus,1.0
NC_019916.1,Lactobacillus plantarum,1.0
NC_019917.1,Mycolicibacterium smegmatis,0.0
NC_019918.1,Pseudomonas aeruginosa,1.0
NC_019919.2,Yersinia enterocolitica,1.0
NC_019921.1,Staphylococcus aureus,0.96
NC_019923.1,Escherichia coli,0.99
NC_019924.1,Bacillus pumilus,0.92
NC_019925.1,Escherichia coli,0.99
NC_019926.1,Escherichia coli,1.0
NC_019927.1,Cronobacter sakazakii,1.0
NC_019928.1,Helicobacter pylori,1.0
NC_019929.1,Erwinia amylovora,1.0
NC_019931.1,Helicobacter pylori,1.0
NC_019932.1,Salmonella enterica,0.99
NC_019933.2,Xylella fastidiosa,0.91
NC_019934.1,Cronobacter sakazakii,1.0
NC_019935.1,Pseudomonas aeruginosa,1.0
NC_020078.1,Pantoea agglomerans,0.43
NC_020079.1,Escherichia coli,1.0
NC_020080.1,Escherichia coli,1.0
NC_020081.2,Bacillus megaterium,1.0
NC_020082.1,Vibrio cholerae,1.0
NC_020083.1,Serratia marcescens,1.0
NC_020197.1,Streptococcus thermophilus,1.0
NC_020198.1,Pseudomonas aeruginosa,1.0
NC_020199.1,Staphylococcus aureus,0.93
NC_020200.1,Pseudomonas aeruginosa,1.0
NC_020201.1,Escherichia coli,1.0
NC_020202.1,Pseudomonas aeruginosa,1.0
NC_020203.1,Pseudomonas aeruginosa,1.0
NC_020204.1,Vibrio cholerae,1.0
NC_020205.1,Burkholderia ambifaria,1.0
NC_020414.1,Escherichia coli,1.0
NC_020416.1,Salmonella enterica,1.0
NC_020477.1,Bacillus pumilus,1.0
NC_020478.1,Bacillus pumilus,1.0
NC_020479.1,Bacillus pumilus,1.0
NC_020480.1,Bacillus pumilus,1.0
NC_020481.1,Candidatus Pelagibacter ubique,1.0
NC_020482.1,Candidatus Pelagibacter ubique,1.0
NC_020483.1,Candidatus Pelagibacter ubique,1.0
NC_020484.1,Candidatus Pelagibacter ubique,1.0
NC_020486.1,Synechococcus sp. WH 8102,1.0
NC_020488.1,Vibrio vulnificus,1.0
NC_020489.1,Rhodobacter capsulatus,1.0
NC_020490.2,Staphylococcus hominis,1.0
NC_020835.1,Prochlorococcus marinus,1.0
NC_020837.1,Synechococcus sp. WH 8109,0.95
NC_020838.1,Prochlorococcus marinus,1.0
NC_020839.1,Rhodobacter capsulatus,1.0
NC_020840.1,Burkholderia pseudomallei,1.0
NC_020841.1,Vibrio cholerae,1.0
NC_020842.1,Cellulophaga baltica,1.0
NC_020843.1,Aliivibrio fischeri,0.42
NC_020844.1,Burkholderia cenocepacia,0.99
NC_020845.1,Prochlorococcus marinus,1.0
NC_020846.1,Pseudoalteromonas atlantica,0.89
NC_020847.1,Prochlorococcus marinus,1.0
NC_020848.1,Vibrio parahaemolyticus,1.0
NC_020849.1,Escherichia coli,0.99
NC_020850.1,Vibrio parahaemolyticus,1.0
NC_020851.1,Prochlorococcus marinus,0.94
NC_020853.1,Aeromonas hydrophila,0.94
NC_020854.1,Weissella cibaria,0.52
NC_020855.1,Prochlorococcus marinus,1.0
NC_020856.2,Escherichia coli,0.01
NC_020857.1,Prochlorococcus marinus,1.0
NC_020858.2,Sulfitobacter sp. CB2047,0.93
NC_020859.1,Synechococcus sp. WH 8109,0.95
NC_020860.1,Cellulophaga baltica,1.0
NC_020862.2,Escherichia coli,1.0
NC_020863.1,Vibrio natriegens,1.0
NC_020865.1,Prochlorococcus marinus,1.0
NC_020866.1,Rhodobacter capsulatus,1.0
NC_020867.1,Prochlorococcus marinus,1.0
NC_020868.1,Vibrio parahaemolyticus,1.0
NC_020870.1,Leuconostoc pseudomesenteroides,1.0
NC_020871.1,Listeria monocytogenes,1.0
NC_020872.1,Prochlorococcus marinus,1.0
NC_020873.1,Bacillus megaterium,1.0
NC_020874.1,Prochlorococcus marinus,1.0
NC_020875.1,Prochlorococcus marinus,1.0
NC_020876.1,Mycolicibacterium smegmatis,1.0
NC_020877.1,Clostridium tetani,0.28
NC_020878.1,Prochlorococcus marinus,1.0
NC_020879.1,Yersinia enterocolitica,1.0
NC_020880.1,Leuconostoc pseudomesenteroides,1.0
NC_020883.1,Bacillus subtilis,1.0
NC_021061.1,Mycolicibacterium smegmatis,0.88
NC_021062.1,Pasteurella multocida,1.0
NC_021063.1,Mycolicibacterium smegmatis,0.98
NC_021067.1,Vibrio splendidus,1.0
NC_021068.1,Escherichia coli,0.99
NC_021070.1,Escherichia coli,1.0
NC_021071.1,Prochlorococcus marinus,1.0
NC_021072.1,Prochlorococcus marinus,0.97
NC_021073.1,Vibrio splendidus,1.0
NC_021190.1,Escherichia coli,1.0
NC_021297.1,Mycolicibacterium smegmatis,1.0
NC_021298.1,Streptomyces griseus,0.99
NC_021299.1,Mycolicibacterium smegmatis,0.84
NC_021300.1,Vibrio cholerae,0.91
NC_021301.1,Mycolicibacterium smegmatis,1.0
NC_021302.1,Mycolicibacterium smegmatis,0.93
NC_021304.1,Streptomyces griseus,0.99
NC_021305.1,Mycolicibacterium smegmatis,0.93
NC_021306.2,Mycolicibacterium smegmatis,0.9
NC_021307.1,Mycolicibacterium smegmatis,1.0
NC_021308.1,Mycolicibacterium smegmatis,1.0
NC_021309.1,Mycolicibacterium smegmatis,0.93
NC_021310.1,Mycolicibacterium smegmatis,1.0
NC_021311.1,Mycolicibacterium smegmatis,0.95
NC_021315.1,Aeromonas hydrophila,0.94
NC_021316.1,Escherichia coli,1.0
NC_021317.1,Salmonella enterica,0.81
NC_021318.1,Mycolicibacterium phlei,1.0
NC_021323.1,Staphylococcus epidermidis,0.99
NC_021324.1,Mycolicibacterium smegmatis,1.0
NC_021325.1,Clostridium perfringens,1.0
NC_021326.1,Staphylococcus aureus,0.99
NC_021331.1,Shigella flexneri,1.0
NC_021332.1,Staphylococcus aureus,0.99
NC_021334.1,Mycolicibacterium smegmatis,1.0
NC_021336.1,Bacillus mycoides,1.0
NC_021337.1,Acinetobacter baumannii,1.0
NC_021338.1,Mycolicibacterium smegmatis,1.0
NC_021339.1,Streptomyces griseus,1.0
NC_021342.2,Vibrio cholerae,1.0
NC_021343.1,Burkholderia cenocepacia,1.0
NC_021344.2,Escherichia coli,1.0
NC_021346.1,Mycolicibacterium smegmatis,0.99
NC_021347.1,Rhodococcus hoagii,0.99
NC_021348.1,Mycolicibacterium smegmatis,0.99
NC_021349.1,Mycolicibacterium smegmatis,0.99
NC_021529.2,Escherichia coli,1.0
NC_021530.1,Prochlorococcus marinus,1.0
NC_021531.1,Cronobacter sakazakii,1.0
NC_021532.1,Alteromonas macleodii,1.0
NC_021533.1,Mycolicibacterium smegmatis,1.0
NC_021534.1,Aeromonas hydrophila,1.0
NC_021535.1,Mycolicibacterium smegmatis,0.99
NC_021536.1,Synechococcus sp. WH 8102,0.99
NC_021538.1,Mycolicibacterium smegmatis,1.0
NC_021539.2,Listeria monocytogenes,1.0
NC_021540.1,Pseudomonas aeruginosa,0.99
NC_021556.1,Mycolicibacterium smegmatis,0.06
NC_021557.1,Burkholderia cepacia,0.85
NC_021558.1,Paenibacillus larvae,1.0
NC_021559.1,Prochlorococcus marinus,0.99
NC_021560.1,Xanthomonas citri,0.71
NC_021561.1,Vibrio cholerae,0.93
NC_021562.1,Vibrio cholerae,1.0
NC_021563.1,Pseudomonas aeruginosa,1.0
NC_021772.1,Salmonella enterica,1.0
NC_021773.2,Staphylococcus aureus,0.98
NC_021774.1,Escherichia coli,0.99
NC_021775.1,Citrobacter freundii,1.0
NC_021776.1,Vibrio parahaemolyticus,1.0
NC_021777.1,Pseudoalteromonas atlantica,0.8
NC_021779.1,Aeromonas hydrophila,0.94
NC_021780.1,Aeromonas hydrophila,0.94
NC_021781.2,Listeria monocytogenes,1.0
NC_021782.1,Salmonella enterica,1.0
NC_021783.1,Aeromonas hydrophila,0.94
NC_021784.1,Bacillus alcalophilus,1.0
NC_021785.1,Listeria monocytogenes,1.0
NC_021787.2,Listeria monocytogenes,1.0
NC_021788.1,Cellulophaga baltica,1.0
NC_021789.1,Cellulophaga baltica,1.0
NC_021790.1,Cellulophaga baltica,1.0
NC_021791.1,Cellulophaga baltica,1.0
NC_021792.1,Cellulophaga baltica,1.0
NC_021793.1,Cellulophaga baltica,1.0
NC_021794.1,Cellulophaga baltica,1.0
NC_021795.1,Cellulophaga baltica,1.0
NC_021796.1,Cellulophaga baltica,1.0
NC_021798.1,Cellulophaga baltica,1.0
NC_021799.1,Cellulophaga baltica,1.0
NC_021800.1,Cellulophaga baltica,1.0
NC_021801.1,Staphylococcus aureus,1.0
NC_021802.1,Cellulophaga baltica,1.0
NC_021803.1,Cellulophaga baltica,1.0
NC_021804.1,Cellulophaga baltica,1.0
NC_021806.1,Cellulophaga baltica,1.0
NC_021852.1,Lactococcus lactis,0.83
NC_021853.1,Lactococcus lactis,0.76
NC_021854.1,Lactococcus lactis,0.83
NC_021855.1,Streptococcus thermophilus,1.0
NC_021856.1,Bacillus subtilis,1.0
NC_021857.1,Salmonella enterica,1.0
NC_021860.1,Lactococcus lactis,0.83
NC_021861.1,Lactococcus lactis,1.0
NC_021862.1,Ralstonia solanacearum,1.0
NC_021863.1,Staphylococcus aureus,0.99
NC_021864.1,Candidatus Puniceispirillum marinum,1.0
NC_021865.1,Paenibacillus larvae,1.0
NC_021867.1,Flavobacterium psychrophilum,1.0
NC_021868.1,Enterococcus faecalis,1.0
NC_022052.1,Mycolicibacterium smegmatis,1.0
NC_022053.1,Mycolicibacterium smegmatis,1.0
NC_022054.1,Mycolicibacterium smegmatis,1.0
NC_022055.1,Mycolicibacterium smegmatis,1.0
NC_022056.1,Mycolicibacterium smegmatis,1.0
NC_022057.1,Mycolicibacterium smegmatis,1.0
NC_022058.1,Mycolicibacterium phlei,1.0
NC_022059.1,Mycolicibacterium smegmatis,0.95
NC_022060.1,Mycolicibacterium smegmatis,1.0
NC_022061.1,Mycolicibacterium smegmatis,0.89
NC_022062.1,Mycolicibacterium smegmatis,1.0
NC_022063.1,Mycolicibacterium smegmatis,0.92
NC_022064.1,Mycolicibacterium smegmatis,0.92
NC_022065.1,Mycolicibacterium smegmatis,0.93
NC_022066.1,Mycolicibacterium smegmatis,1.0
NC_022067.1,Mycolicibacterium smegmatis,1.0
NC_022068.1,Mycolicibacterium smegmatis,1.0
NC_022069.1,Mycolicibacterium smegmatis,1.0
NC_022070.1,Mycolicibacterium smegmatis,1.0
NC_022071.1,Mycolicibacterium smegmatis,0.09
NC_022085.1,Mycolicibacterium smegmatis,0.98
NC_022086.1,Mycolicibacterium smegmatis,1.0
NC_022087.1,Mycolicibacterium smegmatis,1.0
NC_022088.2,Bacillus megaterium,1.0
NC_022090.1,Clostridium tetani,0.29
NC_022091.1,Pseudomonas aeruginosa,1.0
NC_022094.1,Bacillus thuringiensis,0.98
NC_022096.1,Pseudomonas aeruginosa,1.0
NC_022323.1,Escherichia coli,1.0
NC_022324.1,Mycolicibacterium smegmatis,1.0
NC_022325.1,Mycolicibacterium smegmatis,0.99
NC_022328.1,Mycolicibacterium smegmatis,0.9
NC_022329.1,Mycolicibacterium smegmatis,1.0
NC_022330.1,Mycolicibacterium smegmatis,0.93
NC_022331.2,Mycolicibacterium smegmatis,0.89
NC_022334.1,Cutibacterium acnes,1.0
NC_022335.1,Cutibacterium acnes,1.0
NC_022336.1,Cutibacterium acnes,1.0
NC_022337.1,Cutibacterium acnes,1.0
NC_022338.1,Cutibacterium acnes,1.0
NC_022339.1,Cutibacterium acnes,1.0
NC_022340.1,Cutibacterium acnes,1.0
NC_022341.1,Cutibacterium acnes,1.0
NC_022342.1,Cutibacterium acnes,1.0
NC_022343.1,Escherichia coli,1.0
NC_022744.1,Pectobacterium carotovorum,1.0
NC_022746.1,Pseudomonas aeruginosa,1.0
NC_022747.1,Vibrio cholerae,1.0
NC_022749.1,Salmonella enterica,1.0
NC_022750.1,Escherichia coli,1.0
NC_022751.1,Trichormus variabilis,1.0
NC_022752.1,Escherichia coli,1.0
NC_022753.1,Mycolicibacterium smegmatis,1.0
NC_022754.1,Salmonella enterica,1.0
NC_022756.1,Lactobacillus paracasei,1.0
NC_022757.1,Lactobacillus paracasei,1.0
NC_022758.1,Staphylococcus epidermidis,0.98
NC_022761.1,Bacillus subtilis,1.0
NC_022762.1,Lactobacillus delbrueckii,1.0
NC_022763.1,Bacillus megaterium,1.0
NC_022764.1,Bacillus megaterium,1.0
NC_022765.1,Bacillus pumilus,1.0
NC_022766.1,Bacillus pumilus,1.0
NC_022767.1,Bacillus megaterium,1.0
NC_022768.1,Escherichia coli,0.99
NC_022769.1,Bacillus megaterium,1.0
NC_022770.1,Bacillus megaterium,1.0
NC_022771.1,Bacillus subtilis,1.0
NC_022772.1,Escherichia coli,0.99
NC_022773.1,Bacillus pumilus,1.0
NC_022774.1,Bacillus megaterium,1.0
NC_022775.1,Lactobacillus delbrueckii,1.0
NC_022776.1,Streptococcus thermophilus,1.0
NC_022791.1,Streptococcus oralis,1.0
NC_022914.1,Staphylococcus aureus,1.0
NC_022915.1,Ralstonia solanacearum,1.0
NC_022916.1,Burkholderia cenocepacia,1.0
NC_022917.1,Ralstonia solanacearum,1.0
NC_022918.1,Staphylococcus haemolyticus,0.11
NC_022920.1,Staphylococcus haemolyticus,0.11
NC_022965.1,Mycolicibacterium smegmatis,1.0
NC_022966.1,Pseudomonas aeruginosa,1.0
NC_022967.1,Pseudomonas aeruginosa,0.67
NC_022968.1,Escherichia coli,0.99
NC_022969.1,Mycolicibacterium smegmatis,0.95
NC_022970.1,Pseudomonas aeruginosa,1.0
NC_022971.1,Pseudomonas aeruginosa,1.0
NC_022972.2,Gordonia terrae,1.0
NC_022973.1,Mycolicibacterium smegmatis,1.0
NC_022974.1,Pseudomonas aeruginosa,0.99
NC_022975.1,Mycolicibacterium smegmatis,1.0
NC_022976.1,Mycolicibacterium smegmatis,0.96
NC_022977.1,Mycolicibacterium smegmatis,1.0
NC_022979.1,Mycolicibacterium smegmatis,1.0
NC_022980.1,Bacillus alcalophilus,1.0
NC_022981.1,Mycolicibacterium smegmatis,0.95
NC_022982.1,Xylella fastidiosa,1.0
NC_022983.1,Gordonia terrae,0.81
NC_022984.1,Mycolicibacterium smegmatis,1.0
NC_022985.1,Mycolicibacterium smegmatis,1.0
NC_022986.1,Pseudomonas aeruginosa,0.67
NC_022987.1,Pantoea agglomerans,0.93
NC_022988.1,Mycolicibacterium smegmatis,0.93
NC_022989.1,Lactobacillus delbrueckii,1.0
NC_023005.1,Pectobacterium carotovorum,1.0
NC_023006.1,Weissella cibaria,0.79
NC_023007.1,Bacillus anthracis,1.0
NC_023009.1,Clostridium tetani,0.16
NC_023498.1,Mycolicibacterium smegmatis,1.0
NC_023499.1,Staphylococcus aureus,0.96
NC_023500.1,Staphylococcus aureus,0.99
NC_023501.1,Bacillus mycoides,0.99
NC_023502.1,Delftia acidovorans,1.0
NC_023548.1,Pectobacterium carotovorum,1.0
NC_023549.1,Clavibacter michiganensis,1.0
NC_023550.1,Staphylococcus aureus,0.97
NC_023551.1,Enterococcus faecalis,1.0
NC_023552.1,Mycolicibacterium smegmatis,0.91
NC_023553.1,Mycolicibacterium smegmatis,1.0
NC_023554.1,Mycolicibacterium smegmatis,0.88
NC_023555.1,Salmonella enterica,1.0
NC_023556.1,Achromobacter xylosoxidans,1.0
NC_023557.1,Pseudomonas aeruginosa,0.53
NC_023558.1,Pasteurella multocida,1.0
NC_023561.1,Yersinia enterocolitica,1.0
NC_023562.1,Mycolicibacterium smegmatis,1.0
NC_023563.1,Mycolicibacterium smegmatis,1.0
NC_023564.1,Mycolicibacterium smegmatis,1.0
NC_023565.1,Mycolicibacterium phlei,1.0
NC_023566.1,Vibrio cholerae,0.93
NC_023567.2,Acinetobacter baumannii,1.0
NC_023568.1,Escherichia coli,1.0
NC_023569.1,Vibrio parahaemolyticus,1.0
NC_023570.1,Escherichia coli,1.0
NC_023572.1,Mycolicibacterium smegmatis,0.76
NC_023573.1,Staphylococcus haemolyticus,0.11
NC_023574.1,Listeria monocytogenes,0.86
NC_023575.1,Pseudomonas aeruginosa,1.0
NC_023576.1,Pasteurella multocida,1.0
NC_023577.1,Mycolicibacterium smegmatis,1.0
NC_023578.1,Mycolicibacterium smegmatis,1.0
NC_023579.1,Escherichia coli,1.0
NC_023580.1,Mycolicibacterium smegmatis,1.0
NC_023581.1,Acinetobacter baumannii,1.0
NC_023582.1,Staphylococcus epidermidis,1.0
NC_023583.1,Pseudomonas aeruginosa,1.0
NC_023584.1,Prochlorococcus marinus,1.0
NC_023586.1,Ralstonia solanacearum,1.0
NC_023587.1,Prochlorococcus marinus,1.0
NC_023588.1,Burkholderia cenocepacia,0.98
NC_023589.1,Shigella boydii,1.0
NC_023590.1,Acinetobacter baumannii,1.0
NC_023591.1,Mycobacteroides abscessus,1.0
NC_023593.1,Escherichia coli,1.0
NC_023594.2,Erwinia amylovora,0.98
NC_023595.2,Enterococcus faecalis,1.0
NC_023597.1,Mycolicibacterium smegmatis,1.0
NC_023599.1,Bacillus thuringiensis,0.99
NC_023600.1,Mycolicibacterium smegmatis,0.89
NC_023601.1,Acinetobacter soli,1.0
NC_023602.1,Gordonia terrae,0.94
NC_023603.1,Mycolicibacterium smegmatis,0.89
NC_023604.1,Mycolicibacterium smegmatis,0.1
NC_023605.1,Vibrio alginolyticus,1.0
NC_023606.1,Mycolicibacterium smegmatis,1.0
NC_023607.1,Mycolicibacterium smegmatis,1.0
NC_023608.1,Pseudoalteromonas atlantica,0.79
NC_023609.1,Mycolicibacterium smegmatis,1.0
NC_023610.1,Erwinia amylovora,1.0
NC_023612.1,Geobacillus kaustophilus,1.0
NC_023614.1,Vibrio vulnificus,1.0
NC_023686.1,Gordonia terrae,0.81
NC_023687.1,Mycolicibacterium smegmatis,1.0
NC_023688.1,Yersinia enterocolitica,1.0
NC_023689.1,Mycolicibacterium smegmatis,0.93
NC_023690.1,Mycolicibacterium smegmatis,1.0
NC_023691.1,Mycolicibacterium smegmatis,1.0
NC_023692.1,Mycolicibacterium smegmatis,0.29
NC_023693.1,Escherichia coli,1.0
NC_023694.1,Lactococcus lactis,0.99
NC_023695.1,Mycolicibacterium smegmatis,1.0
NC_023696.1,Mycolicibacterium smegmatis,0.99
NC_023697.1,Mycolicibacterium smegmatis,1.0
NC_023698.1,Mycolicibacterium smegmatis,1.0
NC_023699.1,Mycolicibacterium smegmatis,1.0
NC_023700.1,Pseudomonas aeruginosa,1.0
NC_023701.1,Mycolicibacterium smegmatis,0.87
NC_023702.1,Mycolicibacterium smegmatis,1.0
NC_023703.1,Rhodococcus rhodochrous,1.0
NC_023704.1,Mycolicibacterium smegmatis,1.0
NC_023705.1,Mycolicibacterium smegmatis,0.1
NC_023706.1,Rhodococcus hoagii,1.0
NC_023707.1,Mycolicibacterium smegmatis,1.0
NC_023708.1,Mycolicibacterium smegmatis,1.0
NC_023709.1,Mycolicibacterium smegmatis,1.0
NC_023710.1,Mycolicibacterium smegmatis,1.0
NC_023711.1,Mycolicibacterium smegmatis,1.0
NC_023712.1,Mycolicibacterium smegmatis,0.99
NC_023713.1,Mycolicibacterium smegmatis,1.0
NC_023714.1,Mycolicibacterium smegmatis,1.0
NC_023715.1,Pectobacterium carotovorum,1.0
NC_023716.1,Mycolicibacterium smegmatis,1.0
NC_023717.1,Escherichia coli,1.0
NC_023719.1,Listeria monocytogenes,1.0
NC_023720.1,Mycolicibacterium smegmatis,1.0
NC_023721.1,Mycolicibacterium smegmatis,1.0
NC_023722.1,Gordonia terrae,0.72
NC_023723.1,Mycolicibacterium smegmatis,1.0
NC_023724.1,Mycolicibacterium smegmatis,1.0
NC_023725.1,Mycolicibacterium smegmatis,0.99
NC_023726.1,Mycolicibacterium smegmatis,1.0
NC_023727.1,Mycolicibacterium smegmatis,1.0
NC_023728.1,Mycolicibacterium smegmatis,1.0
NC_023729.1,Mycolicibacterium smegmatis,0.78
NC_023730.1,Mycolicibacterium smegmatis,0.96
NC_023731.1,Mycolicibacterium phlei,1.0
NC_023732.1,Mycolicibacterium smegmatis,1.0
NC_023733.1,Mycolicibacterium smegmatis,0.99
NC_023734.1,Escherichia coli,1.0
NC_023735.1,Lactococcus lactis,0.99
NC_023736.1,Pectobacterium carotovorum,0.97
NC_023737.1,Mycolicibacterium smegmatis,0.99
NC_023738.1,Gordonia terrae,1.0
NC_023739.1,Mycolicibacterium smegmatis,1.0
NC_023740.1,Mycolicibacterium smegmatis,1.0
NC_023741.1,Mycolicibacterium smegmatis,0.88
NC_023742.1,Gordonia terrae,0.81
NC_023743.1,Enterobacter cancerogenus,1.0
NC_023744.1,Mycolicibacterium smegmatis,1.0
NC_023745.1,Mycolicibacterium smegmatis,1.0
NC_023746.1,Mycolicibacterium smegmatis,1.0
NC_023747.1,Mycolicibacterium smegmatis,1.0
NC_023748.1,Mycolicibacterium smegmatis,1.0
NC_023856.1,Escherichia coli,0.99
NC_023859.1,Microbacterium oxydans,1.0
NC_023862.1,Mycolicibacterium smegmatis,1.0
NC_023863.2,Vibrio alginolyticus,1.0
NC_023865.1,Enterobacter cloacae,1.0
NC_024121.1,Serratia marcescens,1.0
NC_024122.1,Escherichia coli,1.0
NC_024123.1,Pseudomonas aeruginosa,1.0
NC_024124.2,Escherichia coli,1.0
NC_024125.2,Escherichia coli,1.0
NC_024134.1,Escherichia coli,1.0
NC_024135.1,Mycolicibacterium smegmatis,0.67
NC_024136.1,Mycolicibacterium smegmatis,1.0
NC_024137.1,Bacillus cereus,1.0
NC_024138.1,Mycolicibacterium smegmatis,1.0
NC_024139.1,Escherichia coli,1.0
NC_024140.1,Pseudomonas aeruginosa,1.0
NC_024141.1,Mycolicibacterium smegmatis,1.0
NC_024142.2,Escherichia coli,1.0
NC_024143.1,Mycolicibacterium smegmatis,1.0
NC_024144.1,Clostridioides difficile,1.0
NC_024145.1,Mycolicibacterium smegmatis,0.89
NC_024146.1,Escherichia coli,1.0
NC_024147.1,Mycolicibacterium smegmatis,1.0
NC_024148.1,Mycolicibacterium smegmatis,1.0
NC_024149.1,Staphylococcus aureus,0.97
NC_024203.1,Lactococcus lactis,0.99
NC_024204.1,Pseudoalteromonas atlantica,0.8
NC_024205.1,Bacillus pumilus,0.97
NC_024206.1,Lactobacillus gasseri,1.0
NC_024207.1,Bacillus pumilus,0.97
NC_024208.1,Lactococcus lactis,0.99
NC_024209.1,Mycolicibacterium smegmatis,0.96
NC_024210.1,Enterobacter cancerogenus,1.0
NC_024211.1,Bacillus mycoides,0.99
NC_024212.1,Enterococcus faecalis,1.0
NC_024213.1,Bacillus mycoides,0.99
NC_024214.1,Lactococcus lactis,0.99
NC_024215.1,Lactococcus lactis,0.99
NC_024216.1,Bacillus thuringiensis,1.0
NC_024217.1,Vibrio splendidus,1.0
NC_024329.1,Prochlorococcus marinus,1.0
NC_024330.1,Pseudomonas aeruginosa,1.0
NC_024354.1,Escherichia coli,1.0
NC_024355.1,Staphylococcus saprophyticus,0.99
NC_024356.1,Candidatus Hamiltonella defensa,0.17
NC_024357.1,Streptococcus pneumoniae,1.0
NC_024358.1,Trichormus variabilis,1.0
NC_024359.1,Listeria monocytogenes,1.0
NC_024360.1,Listeria monocytogenes,1.0
NC_024361.1,Streptococcus oralis,1.0
NC_024362.1,Pasteurella multocida,1.0
NC_024363.1,Mycolicibacterium smegmatis,1.0
NC_024364.1,Listeria monocytogenes,1.0
NC_024365.1,Pseudomonas aeruginosa,0.98
NC_024366.1,Mycolicibacterium smegmatis,1.0
NC_024367.1,Dinoroseobacter shibae,1.0
NC_024368.1,Mycolicibacterium smegmatis,1.0
NC_024369.2,Vibrio cholerae,1.0
NC_024370.1,Streptococcus pneumoniae,1.0
NC_024371.1,Mycolicibacterium smegmatis,0.98
NC_024375.1,Listeria monocytogenes,1.0
NC_024378.1,Leuconostoc mesenteroides,1.0
NC_024379.1,Pectobacterium carotovorum,1.0
NC_024380.1,Leuconostoc pseudomesenteroides,1.0
NC_024381.1,Pseudomonas aeruginosa,1.0
NC_024383.1,Listeria monocytogenes,1.0
NC_024384.1,Listeria monocytogenes,1.0
NC_024385.1,Leuconostoc pseudomesenteroides,0.99
NC_024386.1,Leuconostoc mesenteroides,1.0
NC_024387.1,Listeria monocytogenes,1.0
NC_024388.1,Leuconostoc mesenteroides,1.0
NC_024389.1,Leuconostoc mesenteroides,1.0
NC_024390.1,Leuconostoc pseudomesenteroides,0.99
NC_024391.1,Staphylococcus aureus,0.98
NC_024392.1,Listeria monocytogenes,1.0
NC_024711.1,Prevotella intermedia,1.0
NC_024782.1,Pseudomonas aeruginosa,1.0
NC_024783.1,Salmonella enterica,1.0
NC_024784.1,Escherichia coli,1.0
NC_024785.1,Acinetobacter johnsonii,0.99
NC_024786.1,Escherichia coli,1.0
NC_024787.1,Listeria monocytogenes,1.0
NC_024788.1,Bacillus megaterium,1.0
NC_024789.1,Escherichia coli,1.0
NC_024790.1,Escherichia coli,1.0
NC_024791.1,Vibrio cholerae,1.0
NC_024792.1,Bacillus megaterium,1.0
NC_024793.1,Enterobacter cancerogenus,1.0
NC_024794.1,Escherichia coli,1.0
NC_025115.1,Burkholderia cenocepacia,1.0
NC_025414.1,Escherichia coli,1.0
NC_025415.1,Lactobacillus delbrueckii,1.0
NC_025416.1,Staphylococcus haemolyticus,0.11
NC_025417.1,Clostridium tetani,0.16
NC_025418.1,Acinetobacter baumannii,1.0
NC_025419.1,Escherichia coli,0.98
NC_025420.1,Lactobacillus delbrueckii,1.0
NC_025421.1,Lactobacillus delbrueckii,1.0
NC_025422.1,Prochlorococcus marinus,1.0
NC_025423.1,Bacillus cereus,1.0
NC_025424.1,Bacillus thuringiensis,1.0
NC_025425.1,Escherichia coli,1.0
NC_025426.1,Staphylococcus haemolyticus,0.11
NC_025427.1,Rhizobium etli,0.99
NC_025428.1,Aeromonas hydrophila,0.94
NC_025429.1,Rhizobium leguminosarum,1.0
NC_025430.1,Burkholderia cenocepacia,0.99
NC_025431.1,Mesorhizobium loti,1.0
NC_025433.1,Mycolicibacterium smegmatis,1.0
NC_025434.1,Escherichia coli,0.99
NC_025436.1,Acinetobacter johnsonii,0.37
NC_025437.1,Escherichia coli,0.98
NC_025438.1,Mycolicibacterium smegmatis,1.0
NC_025439.1,Vibrio parahaemolyticus,1.0
NC_025440.1,Listeria monocytogenes,1.0
NC_025441.1,Escherichia coli,1.0
NC_025442.1,Aeromonas hydrophila,0.94
NC_025443.1,Escherichia coli,1.0
NC_025444.1,Mycolicibacterium smegmatis,1.0
NC_025445.1,Escherichia coli,1.0
NC_025446.1,Escherichia coli,1.0
NC_025447.1,Enterococcus faecalis,0.91
NC_025448.1,Escherichia coli,0.98
NC_025449.1,Escherichia coli,0.98
NC_025450.1,Escherichia coli,1.0
NC_025451.1,Pectobacterium carotovorum,1.0
NC_025452.1,Escherichia coli,0.99
NC_025453.1,Enterococcus faecalis,1.0
NC_025455.1,Prochlorococcus marinus,1.0
NC_025456.1,Synechococcus sp. CB0101,1.0
NC_025457.1,Acinetobacter baumannii,1.0
NC_025458.1,Pseudomonas aeruginosa,0.93
NC_025459.1,Aeromonas hydrophila,1.0
NC_025460.1,Staphylococcus aureus,0.89
NC_025461.1,Synechococcus sp. CB0101,1.0
NC_025462.1,Yersinia pestis,1.0
NC_025463.1,Vibrio vulnificus,1.0
NC_025464.1,Synechococcus sp. CB0101,1.0
NC_025465.1,Enterococcus faecalis,1.0
NC_025466.1,Pseudoalteromonas atlantica,0.78
NC_025467.1,Staphylococcus aureus,0.97
NC_025470.1,Aliivibrio fischeri,0.37
NC_025471.1,Pseudoalteromonas atlantica,0.44
NC_025822.1,Vibrio alginolyticus,1.0
NC_025829.1,Escherichia coli,0.98
NC_025830.1,Escherichia coli,1.0
NC_026010.1,Enterobacter cancerogenus,1.0
NC_026014.1,Escherichia coli,1.0
NC_026016.1,Staphylococcus aureus,0.94
NC_026017.1,Escherichia coli,0.04
NC_026583.1,Mycolicibacterium smegmatis,1.0
NC_026584.1,Mycolicibacterium smegmatis,1.0
NC_026585.1,Mycolicibacterium smegmatis,1.0
NC_026586.1,Pseudomonas aeruginosa,1.0
NC_026587.1,Pseudomonas fluorescens,1.0
NC_026588.1,Mycolicibacterium smegmatis,1.0
NC_026589.1,Mycolicibacterium smegmatis,0.97
NC_026590.1,Mycolicibacterium smegmatis,1.0
NC_026591.1,Mycolicibacterium smegmatis,1.0
NC_026593.1,Mycolicibacterium smegmatis,1.0
NC_026594.1,Pseudomonas aeruginosa,0.75
NC_026595.1,Mycolicibacterium smegmatis,1.0
NC_026596.1,Mycolicibacterium smegmatis,1.0
NC_026597.1,Mycolicibacterium smegmatis,0.94
NC_026598.1,Mycolicibacterium smegmatis,1.0
NC_026599.1,Pseudomonas aeruginosa,1.0
NC_026600.1,Pseudomonas aeruginosa,1.0
NC_026601.1,Pseudomonas aeruginosa,1.0
NC_026602.1,Pseudomonas aeruginosa,1.0
NC_026603.1,Mycolicibacterium smegmatis,1.0
NC_026604.1,Mycolicibacterium smegmatis,1.0
NC_026605.1,Mycolicibacterium smegmatis,0.94
NC_026607.2,Flavobacterium columnare,1.0
NC_026608.1,Pseudomonas aeruginosa,1.0
NC_026609.1,Lactobacillus delbrueckii,1.0
NC_026610.2,Vibrio parahaemolyticus,1.0
NC_026611.1,Aeromonas media,0.99
NC_026923.1,Prochlorococcus marinus,1.0
NC_026924.1,Rhodococcus rhodochrous,1.0
NC_026926.1,Prochlorococcus marinus,1.0
NC_026927.1,Prochlorococcus marinus,1.0
NC_026928.1,Prochlorococcus marinus,1.0
NC_027118.1,Vibrio cholerae,0.0
NC_027119.1,Escherichia coli,0.99
NC_027120.1,Lactococcus lactis,1.0
NC_027125.1,Flavobacterium columnare,1.0
NC_027130.1,Prochlorococcus marinus,1.0
NC_027132.1,Prochlorococcus marinus,1.0
NC_027204.1,Sinorhizobium meliloti,1.0
NC_027292.1,Pasteurella multocida,1.0
NC_027293.1,Erwinia amylovora,1.0
NC_027294.1,Cutibacterium acnes,1.0
NC_027295.1,Cutibacterium acnes,1.0
NC_027296.1,Escherichia coli,0.9
NC_027297.1,Escherichia coli,0.97
NC_027298.1,Pseudomonas aeruginosa,1.0
NC_027299.1,Rhodovulum sp. P5,1.0
NC_027329.1,Erwinia amylovora,1.0
NC_027330.1,Escherichia coli,1.0
NC_027331.1,Citrobacter freundii,1.0
NC_027332.1,Acinetobacter baumannii,1.0
NC_027333.1,Cutibacterium acnes,1.0
NC_027334.1,Achromobacter xylosoxidans,0.66
NC_027335.1,Enterococcus faecalis,1.0
NC_027336.1,Cutibacterium acnes,1.0
NC_027337.1,Erwinia amylovora,1.0
NC_027339.1,Cronobacter sakazakii,1.0
NC_027340.1,Citrobacter freundii,1.0
NC_027341.1,Listeria monocytogenes,0.86
NC_027342.1,Proteus mirabilis,1.0
NC_027344.1,Proteus mirabilis,1.0
NC_027345.1,Pseudomonas aeruginosa,1.0
NC_027346.1,Cutibacterium acnes,1.0
NC_027347.1,Cutibacterium acnes,1.0
NC_027348.2,Escherichia coli,1.0
NC_027349.1,Escherichia coli,0.99
NC_027350.1,Escherichia coli,1.0
NC_027351.1,Escherichia coli,0.98
NC_027352.1,Bacillus cereus,1.0
NC_027353.1,Escherichia coli,0.98
NC_027354.1,Cutibacterium acnes,1.0
NC_027355.1,Bacillus cereus,1.0
NC_027356.1,Escherichia coli,0.99
NC_027357.1,Cutibacterium acnes,1.0
NC_027358.1,Leuconostoc pseudomesenteroides,0.99
NC_027359.1,Cutibacterium acnes,1.0
NC_027360.1,Erwinia amylovora,1.0
NC_027361.1,Cutibacterium acnes,1.0
NC_027362.1,Cutibacterium acnes,1.0
NC_027363.1,Proteus mirabilis,1.0
NC_027364.1,Acinetobacter baumannii,1.0
NC_027365.1,Mycolicibacterium smegmatis,1.0
NC_027366.1,Bacillus megaterium,1.0
NC_027367.1,Cutibacterium acnes,1.0
NC_027368.1,Vibrio cholerae,1.0
NC_027369.1,Erwinia amylovora,1.0
NC_027370.1,Cutibacterium acnes,1.0
NC_027371.1,Cutibacterium acnes,1.0
NC_027372.1,Bacillus megaterium,1.0
NC_027373.1,Cutibacterium acnes,1.0
NC_027374.1,Bacillus megaterium,1.0
NC_027375.1,Pseudomonas aeruginosa,1.0
NC_027376.1,Cutibacterium acnes,1.0
NC_027377.1,Leuconostoc pseudomesenteroides,0.99
NC_027378.1,Escherichia coli,0.96
NC_027379.1,Proteus mirabilis,1.0
NC_027380.1,Cutibacterium acnes,1.0
NC_027381.1,Escherichia coli,1.0
NC_027382.1,Salmonella enterica,1.0
NC_027383.1,Salmonella enterica,1.0
NC_027384.1,Pseudomonas aeruginosa,1.0
NC_027385.1,Cutibacterium acnes,1.0
NC_027386.1,Cutibacterium acnes,1.0
NC_027387.1,Pectobacterium carotovorum,1.0
NC_027388.1,Pseudomonas aeruginosa,1.0
NC_027389.1,Cutibacterium acnes,1.0
NC_027390.1,Proteus mirabilis,1.0
NC_027391.1,Cutibacterium acnes,1.0
NC_027392.1,Cutibacterium acnes,1.0
NC_027393.1,Vibrio cholerae,1.0
NC_027394.1,Bacillus megaterium,0.91
NC_027395.1,Escherichia coli,1.0
NC_027396.1,Streptococcus mitis,1.0
NC_027397.1,Vibrio cholerae,1.0
NC_027398.1,Cronobacter sakazakii,1.0
NC_027399.1,Escherichia coli,1.0
NC_027400.1,Cutibacterium acnes,1.0
NC_027401.1,Cutibacterium acnes,1.0
NC_027402.1,Proteus mirabilis,1.0
NC_027403.1,Cutibacterium acnes,1.0
NC_027404.1,Escherichia coli,0.98
NC_027405.1,Cutibacterium acnes,1.0
NC_027620.1,Cutibacterium acnes,1.0
NC_027621.1,Cutibacterium acnes,1.0
NC_027622.1,Cutibacterium acnes,1.0
NC_027623.1,Cutibacterium acnes,1.0
NC_027624.1,Cutibacterium acnes,1.0
NC_027625.1,Cutibacterium acnes,1.0
NC_027626.1,Cutibacterium acnes,1.0
NC_027627.1,Cutibacterium acnes,1.0
NC_027628.1,Cutibacterium acnes,1.0
NC_027629.1,Cutibacterium acnes,1.0
NC_027630.1,Cutibacterium acnes,1.0
NC_027979.1,Escherichia coli,0.95
NC_027981.1,Burkholderia cenocepacia,0.99
NC_027982.1,Lactobacillus fermentum,1.0
NC_027983.1,Escherichia coli,0.98
NC_027984.1,Cronobacter sakazakii,1.0
NC_027985.1,Mycolicibacterium smegmatis,1.0
NC_027986.1,Pseudomonas aeruginosa,1.0
NC_027987.1,Leuconostoc mesenteroides,1.0
NC_027988.2,Vibrio parahaemolyticus,1.0
NC_027989.1,Campylobacter jejuni,1.0
NC_027990.1,Lactobacillus delbrueckii,1.0
NC_027991.1,Acinetobacter baumannii,1.0
NC_027992.1,Pseudomonas aeruginosa,1.0
NC_027993.1,Salmonella enterica,0.81
NC_027994.1,Pseudoalteromonas atlantica,0.79
NC_027995.1,Burkholderia cenocepacia,1.0
NC_027996.1,Campylobacter jejuni,1.0
NC_027997.1,Campylobacter jejuni,1.0
NC_028247.1,Erwinia amylovora,1.0
NC_028248.1,Escherichia coli,1.0
NC_028448.1,Escherichia coli,0.98
NC_028449.1,Escherichia coli,0.99
NC_028651.1,Thermodesulfobacterium hveragerdense,1.0
NC_028652.1,Pseudomonas aeruginosa,0.67
NC_028653.1,Gordonia terrae,1.0
NC_028654.1,Mycolicibacterium smegmatis,1.0
NC_028655.1,Pectobacterium carotovorum,1.0
NC_028656.1,Escherichia coli,0.99
NC_028657.1,Pseudomonas aeruginosa,1.0
NC_028658.1,Mycolicibacterium smegmatis,1.0
NC_028659.1,Escherichia coli,1.0
NC_028660.1,Escherichia coli,1.0
NC_028661.1,Pasteurella multocida,1.0
NC_028662.1,Mycolicibacterium phlei,1.0
NC_028663.1,Prochlorococcus marinus,1.0
NC_028664.1,Acinetobacter baumannii,1.0
NC_028665.1,Gordonia terrae,1.0
NC_028666.1,Lactococcus lactis,1.0
NC_028667.1,Pseudomonas aeruginosa,1.0
NC_028668.1,Gordonia malaquae,1.0
NC_028669.1,Staphylococcus aureus,0.98
NC_028670.1,Klebsiella pneumoniae,1.0
NC_028671.2,Enterococcus faecalis,1.0
NC_028672.1,Escherichia coli,1.0
NC_028673.1,Gordonia neofelifaecis,0.83
NC_028674.1,Mycolicibacterium smegmatis,1.0
NC_028675.1,Escherichia coli,1.0
NC_028676.1,Sinorhizobium meliloti,1.0
NC_028677.1,Mycolicibacterium smegmatis,0.33
NC_028678.1,Mycolicibacterium smegmatis,1.0
NC_028679.1,Escherichia coli,1.0
NC_028680.1,Mycolicibacterium smegmatis,1.0
NC_028681.1,Mycolicibacterium smegmatis,1.0
NC_028682.1,Mycolicibacterium smegmatis,1.0
NC_028683.1,Edwardsiella ictaluri,1.0
NC_028684.1,Acinetobacter baumannii,1.0
NC_028685.1,Escherichia coli,0.99
NC_028686.1,Proteus mirabilis,1.0
NC_028687.1,Mycolicibacterium smegmatis,1.0
NC_028688.1,Pectobacterium carotovorum,1.0
NC_028689.1,Mycolicibacterium smegmatis,1.0
NC_028690.1,Mycolicibacterium smegmatis,1.0
NC_028691.1,Mycolicibacterium smegmatis,1.0
NC_028692.1,Gordonia terrae,1.0
NC_028693.2,Enterococcus faecalis,1.0
NC_028694.1,Cutibacterium acnes,1.0
NC_028695.2,Salmonella enterica,0.69
NC_028696.2,Pectobacterium atrosepticum,0.89
NC_028697.1,Streptococcus pyogenes,1.0
NC_028698.1,Pseudoalteromonas atlantica,0.79
NC_028699.1,Salmonella enterica,1.0
NC_028700.1,Streptococcus pyogenes,1.0
NC_028701.2,Escherichia coli,1.0
NC_028702.1,Pectobacterium carotovorum,0.98
NC_028742.1,Mycolicibacterium smegmatis,0.88
NC_028743.1,Mannheimia haemolytica,1.0
NC_028744.1,Mycolicibacterium smegmatis,1.0
NC_028745.1,Pseudomonas aeruginosa,1.0
NC_028746.1,Paenibacillus larvae,1.0
NC_028747.1,Mycolicibacterium smegmatis,0.92
NC_028748.2,Bacillus thuringiensis,1.0
NC_028749.1,Lactococcus lactis,0.19
NC_028750.1,Escherichia coli,1.0
NC_028751.1,Mycolicibacterium smegmatis,1.0
NC_028754.1,Escherichia coli,0.99
NC_028755.1,Escherichia coli,1.0
NC_028757.1,Mycolicibacterium smegmatis,0.99
NC_028758.1,Paenibacillus larvae,1.0
NC_028759.1,Mycolicibacterium smegmatis,1.0
NC_028760.1,Klebsiella pneumoniae,1.0
NC_028762.1,Proteus mirabilis,1.0
NC_028763.1,Cellulophaga baltica,1.0
NC_028764.1,Clostridioides difficile,1.0
NC_028765.1,Staphylococcus haemolyticus,0.11
NC_028766.1,Pseudomonas aeruginosa,1.0
NC_028767.1,Paenibacillus larvae,1.0
NC_028768.1,Pseudomonas aeruginosa,0.65
NC_028770.1,Pseudomonas aeruginosa,0.7
NC_028772.1,Pectobacterium carotovorum,1.0
NC_028773.1,Cronobacter sakazakii,1.0
NC_028774.1,Enterobacter cancerogenus,1.0
NC_028775.1,Staphylococcus aureus,0.94
NC_028776.1,Escherichia coli,0.96
NC_028777.1,Bacillus megaterium,1.0
NC_028778.1,Mycolicibacterium smegmatis,0.01
NC_028779.1,Mycolicibacterium smegmatis,0.95
NC_028780.1,Escherichia coli,0.97
NC_028782.1,Bacillus megaterium,1.0
NC_028783.1,Lactobacillus paracasei,1.0
NC_028784.1,Mycolicibacterium smegmatis,1.0
NC_028785.1,Mycolicibacterium smegmatis,0.93
NC_028786.1,Enterobacter cancerogenus,1.0
NC_028788.1,Paenibacillus larvae,1.0
NC_028789.1,Bacillus cereus,1.0
NC_028791.1,Mycolicibacterium smegmatis,0.04
NC_028792.1,Mycolicibacterium smegmatis,1.0
NC_028794.1,Mycolicibacterium smegmatis,1.0
NC_028795.1,Pectobacterium carotovorum,1.0
NC_028796.1,Mycolicibacterium smegmatis,0.32
NC_028798.1,Mycolicibacterium smegmatis,0.98
NC_028799.1,Vibrio cholerae,1.0
NC_028800.1,Pectobacterium carotovorum,1.0
NC_028801.1,Mycolicibacterium smegmatis,1.0
NC_028802.1,Mycolicibacterium smegmatis,1.0
NC_028803.1,Mycolicibacterium smegmatis,1.0
NC_028804.1,Mycolicibacterium smegmatis,1.0
NC_028805.1,Brevibacillus laterosporus,1.0
NC_028807.1,Streptomyces flavovirens,1.0
NC_028808.2,Erwinia amylovora,1.0
NC_028809.1,Pseudomonas aeruginosa,0.21
NC_028810.1,Mycolicibacterium smegmatis,1.0
NC_028812.1,Proteus mirabilis,1.0
NC_028813.1,Mycolicibacterium smegmatis,1.0
NC_028815.1,Mycolicibacterium smegmatis,1.0
NC_028816.1,Klebsiella pneumoniae,1.0
NC_028817.1,Pseudomonas aeruginosa,1.0
NC_028818.1,Streptomyces griseus,1.0
NC_028819.1,Escherichia coli,0.19
NC_028820.1,Yersinia enterocolitica,1.0
NC_028821.1,Staphylococcus aureus,1.0
NC_028822.1,Pectobacterium carotovorum,1.0
NC_028823.1,Mycolicibacterium smegmatis,1.0
NC_028825.1,Erwinia amylovora,1.0
NC_028826.1,Candidatus Hamiltonella defensa,0.17
NC_028827.1,Streptomyces griseus,0.98
NC_028828.1,Mycolicibacterium smegmatis,1.0
NC_028829.1,Escherichia coli,1.0
NC_028830.1,Lactobacillus paracasei,1.0
NC_028831.1,Escherichia coli,0.97
NC_028832.1,Mycolicibacterium smegmatis,1.0
NC_028834.1,Pseudomonas aeruginosa,0.74
NC_028835.1,Lactobacillus paracasei,1.0
NC_028836.1,Pseudomonas aeruginosa,1.0
NC_028837.1,Paenibacillus larvae,1.0
NC_028838.1,Clostridioides difficile,1.0
NC_028840.1,Escherichia coli,0.99
NC_028841.1,Paenibacillus larvae,1.0
NC_028842.1,Mycolicibacterium smegmatis,1.0
NC_028843.1,Mycolicibacterium smegmatis,0.01
NC_028844.1,Mycolicibacterium smegmatis,1.0
NC_028846.1,Mycolicibacterium smegmatis,1.0
NC_028847.1,Brevibacillus laterosporus,1.0
NC_028848.1,Acinetobacter baumannii,1.0
NC_028849.1,Mycolicibacterium smegmatis,1.0
NC_028850.1,Yersinia enterocolitica,1.0
NC_028851.1,Paenibacillus larvae,1.0
NC_028852.1,Mycolicibacterium smegmatis,1.0
NC_028853.1,Mannheimia haemolytica,1.0
NC_028854.1,Paenibacillus larvae,1.0
NC_028855.1,Acinetobacter johnsonii,0.99
NC_028856.1,Bacillus megaterium,1.0
NC_028857.1,Yersinia enterocolitica,1.0
NC_028859.1,Staphylococcus aureus,0.98
NC_028860.1,Mycolicibacterium smegmatis,0.94
NC_028861.1,Mycolicibacterium smegmatis,0.03
NC_028862.1,Staphylococcus epidermidis,0.93
NC_028863.1,Pectobacterium carotovorum,1.0
NC_028864.1,Staphylococcus aureus,0.97
NC_028865.1,Gordonia neofelifaecis,0.83
NC_028869.1,Mycolicibacterium smegmatis,1.0
NC_028870.1,Acinetobacter baumannii,1.0
NC_028871.1,Listeria monocytogenes,1.0
NC_028872.1,Erwinia amylovora,1.0
NC_028874.1,Mycolicibacterium smegmatis,1.0
NC_028876.2,Mycolicibacterium smegmatis,1.0
NC_028877.1,Mycolicibacterium smegmatis,1.0
NC_028878.1,Mycolicibacterium smegmatis,1.0
NC_028879.1,Pseudomonas aeruginosa,1.0
NC_028880.1,Pectobacterium carotovorum,1.0
NC_028881.1,Escherichia coli,1.0
NC_028882.1,Pseudomonas aeruginosa,0.99
NC_028883.1,Clostridioides difficile,1.0
NC_028885.1,Pseudomonas aeruginosa,1.0
NC_028886.1,Bacillus thuringiensis,1.0
NC_028887.1,Bacillus megaterium,1.0
NC_028888.1,Lactobacillus paracasei,1.0
NC_028889.1,Mycolicibacterium smegmatis,1.0
NC_028890.1,Bacillus megaterium,1.0
NC_028892.1,Streptomyces griseus,1.0
NC_028894.1,Escherichia coli,1.0
NC_028895.1,Vibrio cholerae,1.0
NC_028896.1,Burkholderia cenocepacia,0.99
NC_028897.1,Mycolicibacterium smegmatis,1.0
NC_028898.1,Mannheimia haemolytica,1.0
NC_028899.1,Pseudomonas aeruginosa,0.42
NC_028900.1,Streptococcus thermophilus,1.0
NC_028901.1,Salmonella enterica,1.0
NC_028903.1,Escherichia coli,1.0
NC_028904.1,Streptomyces griseus,1.0
NC_028905.1,Clostridioides difficile,1.0
NC_028906.1,Mycolicibacterium smegmatis,0.96
NC_028907.1,Mycolicibacterium smegmatis,1.0
NC_028908.2,Escherichia coli,0.91
NC_028910.1,Mycolicibacterium smegmatis,1.0
NC_028911.1,Lactobacillus paracasei,1.0
NC_028912.1,Mycolicibacterium smegmatis,1.0
NC_028913.1,Staphylococcus aureus,0.99
NC_028914.1,Mycolicibacterium smegmatis,0.99
NC_028915.1,Staphylococcus aureus,1.0
NC_028916.1,Proteus mirabilis,1.0
NC_028917.1,Staphylococcus aureus,0.98
NC_028919.1,Pseudomonas aeruginosa,1.0
NC_028920.1,Mycolicibacterium smegmatis,1.0
NC_028922.1,Mycolicibacterium smegmatis,0.04
NC_028923.1,Mycolicibacterium smegmatis,1.0
NC_028924.1,Cellulophaga baltica,1.0
NC_028925.1,Brevibacillus laterosporus,1.0
NC_028926.1,Bacillus megaterium,0.91
NC_028927.1,Escherichia coli,0.98
NC_028928.1,Mycolicibacterium smegmatis,1.0
NC_028929.1,Listeria monocytogenes,1.0
NC_028930.1,Paenibacillus larvae,1.0
NC_028931.1,Pseudomonas aeruginosa,0.25
NC_028932.1,Mycolicibacterium smegmatis,1.0
NC_028933.1,Pseudomonas aeruginosa,1.0
NC_028934.1,Mycolicibacterium smegmatis,1.0
NC_028935.2,Erwinia amylovora,1.0
NC_028936.1,Mycolicibacterium smegmatis,1.0
NC_028937.1,Mycolicibacterium smegmatis,1.0
NC_028939.1,Pseudomonas aeruginosa,1.0
NC_028940.1,Proteus mirabilis,0.99
NC_028941.1,Mycolicibacterium smegmatis,1.0
NC_028942.1,Mycolicibacterium smegmatis,1.0
NC_028943.1,Escherichia coli,0.99
NC_028944.1,Bacillus mycoides,0.99
NC_028945.1,Sinorhizobium meliloti,1.0
NC_028946.1,Mycolicibacterium smegmatis,1.0
NC_028947.1,Mycolicibacterium smegmatis,1.0
NC_028950.1,Brevibacillus laterosporus,1.0
NC_028951.1,Clostridioides difficile,1.0
NC_028952.1,Streptomyces flavovirens,1.0
NC_028953.1,Mycolicibacterium smegmatis,1.0
NC_028954.1,Rhodobacter capsulatus,1.0
NC_028955.1,Prochlorococcus marinus,1.0
NC_028956.1,Mannheimia haemolytica,1.0
NC_028957.1,Brevibacillus laterosporus,0.99
NC_028958.1,Clostridioides difficile,1.0
NC_028959.1,Clostridioides difficile,1.0
NC_028960.2,Mycolicibacterium smegmatis,1.0
NC_028961.1,Mycolicibacterium smegmatis,1.0
NC_028962.1,Staphylococcus epidermidis,1.0
NC_028965.1,Mycolicibacterium smegmatis,1.0
NC_028966.1,Gordonia neofelifaecis,0.83
NC_028967.1,Cutibacterium acnes,1.0
NC_028968.1,Mycolicibacterium smegmatis,0.88
NC_028969.1,Bacillus alcalophilus,1.0
NC_028971.1,Pseudomonas aeruginosa,1.0
NC_028972.1,Gordonia neofelifaecis,0.83
NC_028974.1,Streptomyces griseus,1.0
NC_028976.1,Streptomyces griseus,1.0
NC_028977.1,Pectobacterium carotovorum,1.0
NC_028978.1,Mycolicibacterium smegmatis,1.0
NC_028979.1,Mycolicibacterium smegmatis,1.0
NC_028980.1,Pseudomonas aeruginosa,0.95
NC_028982.1,Bacillus cereus,1.0
NC_028983.1,Bacillus cereus,1.0
NC_028984.1,Streptococcus mutans,1.0
NC_028986.1,Rhodococcus hoagii,1.0
NC_028987.2,Acinetobacter baumannii,1.0
NC_028988.1,Ralstonia solanacearum,1.0
NC_028990.1,Enterococcus faecalis,1.0
NC_028991.1,Clostridium tetani,1.0
NC_028995.1,Acinetobacter soli,1.0
NC_028996.1,Clostridioides difficile,1.0
NC_028997.1,Escherichia coli,1.0
NC_028998.1,Vibrio splendidus,0.97
NC_028999.1,Acinetobacter baumannii,1.0
NC_029000.1,Stenotrophomonas maltophilia,1.0
NC_029001.1,Clostridioides difficile,1.0
NC_029002.1,Microcystis aeruginosa,1.0
NC_029003.2,Burkholderia cenocepacia,0.99
NC_029004.1,Clostridium tetani,1.0
NC_029005.2,Streptomyces griseus,1.0
NC_029006.1,Clostridium tetani,1.0
NC_029007.1,Ralstonia solanacearum,1.0
NC_029008.1,Bacillus thuringiensis,1.0
NC_029009.1,Listeria monocytogenes,1.0
NC_029010.1,Staphylococcus aureus,1.0
NC_029013.1,Escherichia coli,1.0
NC_029015.2,Escherichia coli,1.0
NC_029016.1,Enterococcus faecalis,1.0
NC_029017.1,Pseudomonas aeruginosa,1.0
NC_029018.2,Mycolicibacterium smegmatis,0.98
NC_029019.1,Pseudomonas aeruginosa,1.0
NC_029021.1,Escherichia coli,1.0
NC_029022.1,Clostridium tetani,1.0
NC_029023.1,Erwinia amylovora,1.0
NC_029024.1,Bacillus thuringiensis,1.0
NC_029025.1,Staphylococcus hominis,1.0
NC_029026.1,Enterococcus faecalis,1.0
NC_029028.1,Escherichia coli,1.0
NC_029029.1,Bacillus alcalophilus,1.0
NC_029030.1,Streptococcus mutans,1.0
NC_029031.1,Prochlorococcus marinus,1.0
NC_029032.1,Candidatus Liberibacter asiaticus,1.0
NC_029033.1,Achromobacter xylosoxidans,1.0
NC_029042.1,Escherichia coli,1.0
NC_029043.2,Mycolicibacterium smegmatis,1.0
NC_029044.1,Mycolicibacterium smegmatis,0.99
NC_029045.1,Aeromonas hydrophila,0.94
NC_029046.1,Pseudomonas aeruginosa,0.55
NC_029047.1,Mycobacterium tuberculosis,1.0
NC_029048.2,Clostridioides difficile,1.0
NC_029050.1,Salmonella enterica,1.0
NC_029057.1,Aliivibrio fischeri,0.56
NC_029058.1,Lactobacillus fermentum,1.0
NC_029059.1,Mycolicibacterium smegmatis,1.0
NC_029060.1,Gordonia neofelifaecis,0.83
NC_029061.1,Escherichia coli,0.97
NC_029065.1,Vibrio cholerae,0.27
NC_029066.1,Pseudomonas aeruginosa,1.0
NC_029067.1,Aliivibrio fischeri,0.44
NC_029068.1,Lactobacillus fermentum,1.0
NC_029070.1,Pantoea agglomerans,0.43
NC_029071.1,Salmonella enterica,1.0
NC_029072.1,Salmonella enterica,1.0
NC_029073.1,Clostridium botulinum,0.01
NC_029074.1,Gordonia neofelifaecis,0.83
NC_029075.1,Achromobacter xylosoxidans,1.0
NC_029077.1,Mycolicibacterium smegmatis,1.0
NC_029078.1,Erysipelothrix rhusiopathiae,1.0
NC_029079.1,Mycolicibacterium smegmatis,0.95
NC_029080.1,Clostridium tetani,0.16
NC_029081.1,Pectobacterium atrosepticum,1.0
NC_029083.1,Pseudomonas aeruginosa,0.67
NC_029084.1,Paenibacillus larvae,1.0
NC_029091.1,Escherichia coli,1.0
NC_029092.1,Pantoea agglomerans,0.93
NC_029093.1,Mycolicibacterium smegmatis,0.95
NC_029094.1,Vibrio parahaemolyticus,1.0
NC_029097.1,Pseudomonas aeruginosa,1.0
NC_029098.1,Streptomyces lividans,1.0
NC_029099.1,Klebsiella pneumoniae,1.0
NC_029100.1,Pseudoalteromonas atlantica,1.0
NC_029101.1,Pseudomonas aeruginosa,1.0
NC_029102.1,Pectobacterium carotovorum,1.0
NC_029104.1,Bacillus alcalophilus,1.0
NC_029106.1,Aeromonas hydrophila,0.84
NC_029107.1,Ralstonia solanacearum,1.0
NC_029116.1,Clostridioides difficile,1.0
NC_029118.1,Lactococcus garvieae,1.0
NC_029119.1,Pasteurella multocida,1.0
NC_029120.1,Escherichia coli,1.0
NC_029121.1,Bacillus megaterium,1.0
NC_030652.1,Staphylococcus aureus,0.98
NC_030694.1,Gordonia terrae,1.0
NC_030695.1,Gordonia terrae,1.0
NC_030696.1,Gordonia terrae,1.0
NC_030698.1,Gordonia terrae,1.0
NC_030901.1,Gordonia terrae,1.0
NC_030902.1,Gordonia terrae,1.0
NC_030903.1,Bacillus subtilis,1.0
NC_030904.1,Listeria monocytogenes,1.0
NC_030905.1,Gordonia terrae,1.0
NC_030906.1,Gordonia malaquae,1.0
NC_030907.1,Gordonia terrae,1.0
NC_030908.1,Pseudomonas aeruginosa,1.0
NC_030909.1,Pseudomonas aeruginosa,1.0
NC_030910.1,Pseudomonas aeruginosa,0.67
NC_030911.1,Mycolicibacterium smegmatis,0.91
NC_030912.1,Gordonia terrae,1.0
NC_030913.1,Gordonia terrae,1.0
NC_030914.1,Gordonia terrae,1.0
NC_030915.1,Gordonia terrae,1.0
NC_030916.1,Mycolicibacterium smegmatis,1.0
NC_030917.1,Gordonia terrae,1.0
NC_030918.1,Pseudomonas aeruginosa,1.0
NC_030919.1,Salmonella enterica,0.94
NC_030920.1,Bacillus megaterium,1.0
NC_030921.1,Gordonia terrae,1.0
NC_030923.1,Escherichia coli,0.0
NC_030924.1,Gordonia terrae,1.0
NC_030925.1,Bacillus megaterium,1.0
NC_030927.1,Mycolicibacterium smegmatis,0.91
NC_030928.1,Pantoea agglomerans,0.93
NC_030929.1,Pseudomonas aeruginosa,1.0
NC_030930.1,Gordonia terrae,0.89
NC_030931.1,Pseudomonas aeruginosa,0.99
NC_030932.1,Ruegeria pomeroyi,1.0
NC_030933.1,Clostridium tetani,0.28
NC_030934.1,Pseudomonas syringae,1.0
NC_030935.1,Gordonia rubripertincta,1.0
NC_030936.1,Gordonia terrae,1.0
NC_030937.1,Pantoea agglomerans,0.93
NC_030939.1,Gordonia terrae,1.0
NC_030940.1,Pseudomonas aeruginosa,1.0
NC_030941.1,Gordonia terrae,1.0
NC_030942.1,Gordonia terrae,1.0
NC_030943.1,Gordonia terrae,1.0
NC_030944.1,Gordonia terrae,1.0
NC_030945.1,Bacillus alcalophilus,1.0
NC_030946.1,Streptococcus oralis,1.0
NC_030947.1,Clostridium tetani,1.0
NC_030948.1,Escherichia coli,0.98
NC_030949.1,Clostridium tetani,1.0
NC_030950.1,Clostridium tetani,1.0
NC_030951.1,Clostridium tetani,1.0
NC_030953.1,Escherichia coli,0.98
NC_031001.1,Gordonia terrae,1.0
NC_031002.1,Lactococcus lactis,1.0
NC_031003.1,Cutibacterium acnes,1.0
NC_031004.1,Gordonia terrae,1.0
NC_031005.1,Cutibacterium acnes,1.0
NC_031006.1,Bacillus thuringiensis,1.0
NC_031007.1,Erwinia amylovora,1.0
NC_031008.1,Staphylococcus aureus,0.97
NC_031009.1,Lactococcus lactis,1.0
NC_031010.1,Erwinia amylovora,1.0
NC_031011.1,Escherichia coli,0.98
NC_031012.1,Bacillus thuringiensis,1.0
NC_031013.1,Lactococcus lactis,1.0
NC_031014.1,Pantoea agglomerans,0.93
NC_031015.1,Bacillus megaterium,1.0
NC_031016.1,Lactococcus lactis,0.99
NC_031017.1,Lactococcus lactis,1.0
NC_031018.1,Pectobacterium carotovorum,1.0
NC_031019.1,Salmonella enterica,0.96
NC_031020.1,Escherichia coli,0.93
NC_031021.1,Pseudoalteromonas atlantica,0.79
NC_031022.1,Escherichia coli,0.99
NC_031023.1,Streptococcus thermophilus,1.0
NC_031024.1,Bacillus mycoides,0.99
NC_031025.1,Acinetobacter baumannii,1.0
NC_031026.1,Enterobacter cancerogenus,1.0
NC_031027.1,Bacillus mycoides,0.99
NC_031028.1,Rhodococcus hoagii,0.54
NC_031029.1,Gordonia terrae,1.0
NC_031030.1,Escherichia coli,0.96
NC_031031.1,Gordonia terrae,1.0
NC_031032.1,Bacillus anthracis,1.0
NC_031034.1,Bacillus thuringiensis,1.0
NC_031035.1,Mycolicibacterium smegmatis,1.0
NC_031036.1,Lactobacillus paracasei,1.0
NC_031037.1,Bacillus mycoides,0.99
NC_031039.1,Bacillus subtilis,1.0
NC_031040.1,Lactococcus lactis,1.0
NC_031041.1,Mycolicibacterium smegmatis,1.0
NC_031042.1,Salmonella enterica,1.0
NC_031043.1,Erwinia amylovora,1.0
NC_031044.1,Lactococcus lactis,1.0
NC_031045.1,Escherichia coli,1.0
NC_031046.1,Staphylococcus capitis,1.0
NC_031047.1,Escherichia coli,1.0
NC_031048.1,Burkholderia cenocepacia,0.95
NC_031049.1,Bacillus thuringiensis,1.0
NC_031050.1,Escherichia coli,1.0
NC_031051.1,Enterococcus faecalis,1.0
NC_031052.1,Gordonia terrae,1.0
NC_031053.1,Enterobacter cancerogenus,1.0
NC_031054.1,Bacillus mycoides,0.99
NC_031055.1,Bacillus thuringiensis,1.0
NC_031056.1,Bacillus megaterium,1.0
NC_031057.1,Escherichia coli,1.0
NC_031058.1,Vibrio parahaemolyticus,0.24
NC_031059.1,Rhodovulum sp. P5,1.0
NC_031060.1,Gordonia terrae,1.0
NC_031061.1,Gordonia terrae,1.0
NC_031062.2,Escherichia coli,1.0
NC_031063.1,Pseudomonas aeruginosa,1.0
NC_031064.1,Lactococcus lactis,1.0
NC_031065.1,Bacillus thuringiensis,1.0
NC_031066.1,Pectobacterium carotovorum,1.0
NC_031067.1,Mycolicibacterium smegmatis,1.0
NC_031068.2,Acinetobacter baumannii,1.0
NC_031069.1,Streptococcus parauberis,0.99
NC_031070.1,Bacillus thuringiensis,1.0
NC_031071.1,Lactococcus lactis,1.0
NC_031072.1,Gordonia terrae,1.0
NC_031073.1,Pseudomonas aeruginosa,1.0
NC_031074.1,Gordonia terrae,1.0
NC_031075.1,Lactococcus lactis,1.0
NC_031076.1,Propionibacterium freudenreichii,1.0
NC_031077.1,Escherichia coli,1.0
NC_031078.1,Streptomyces griseus,1.0
NC_031080.1,Mycolicibacterium smegmatis,0.99
NC_031081.1,Salmonella enterica,1.0
NC_031082.1,Escherichia coli,1.0
NC_031084.1,Cutibacterium acnes,1.0
NC_031085.1,Escherichia coli,1.0
NC_031086.1,Acinetobacter baumannii,1.0
NC_031087.1,Klebsiella pneumoniae,1.0
NC_031090.1,Proteus mirabilis,1.0
NC_031091.1,Pseudomonas aeruginosa,0.97
NC_031092.1,Citrobacter freundii,1.0
NC_031094.1,Streptococcus thermophilus,0.98
NC_031095.1,Proteus mirabilis,1.0
NC_031096.1,Pectobacterium atrosepticum,1.0
NC_031097.1,Gordonia terrae,1.0
NC_031098.1,Acinetobacter johnsonii,1.0
NC_031099.1,Gordonia terrae,0.96
NC_031100.1,Bacillus pumilus,0.97
NC_031101.1,Lactobacillus fermentum,0.83
NC_031102.1,Mycolicibacterium smegmatis,1.0
NC_031103.1,Escherichia coli,1.0
NC_031104.1,Pseudomonas aeruginosa,0.97
NC_031107.2,Pseudomonas aeruginosa,0.12
NC_031108.1,Propionibacterium freudenreichii,1.0
NC_031109.1,Gordonia terrae,1.0
NC_031110.1,Pseudomonas aeruginosa,0.86
NC_031111.1,Mycolicibacterium smegmatis,1.0
NC_031112.1,Gordonia terrae,0.29
NC_031113.1,Salmonella enterica,1.0
NC_031114.1,Citrobacter freundii,1.0
NC_031115.1,Citrobacter freundii,1.0
NC_031116.1,Bacillus pumilus,0.98
NC_031117.1,Vibrio splendidus,1.0
NC_031118.1,Gordonia terrae,1.0
NC_031119.1,Cutibacterium acnes,1.0
NC_031120.1,Erwinia amylovora,1.0
NC_031121.1,Bacillus thuringiensis,1.0
NC_031122.1,Gordonia terrae,1.0
NC_031123.1,Citrobacter freundii,0.99
NC_031124.1,Mycolicibacterium smegmatis,1.0
NC_031125.1,Lactobacillus paracasei,1.0
NC_031126.1,Erwinia amylovora,1.0
NC_031127.1,Erwinia amylovora,1.0
NC_031128.1,Salmonella enterica,1.0
NC_031129.1,Escherichia coli,1.0
NC_031224.2,Rhodococcus hoagii,1.0
NC_031226.1,Gordonia terrae,1.0
NC_031228.1,Achromobacter xylosoxidans,0.29
NC_031229.1,Gordonia terrae,1.0
NC_031230.1,Rhodococcus hoagii,1.0
NC_031231.1,Halorubrum coriense,0.99
NC_031233.1,Gordonia terrae,1.0
NC_031234.1,Gordonia terrae,1.0
NC_031235.1,Synechococcus sp. WH 8102,0.98
NC_031237.1,Gordonia terrae,1.0
NC_031238.1,Mycolicibacterium smegmatis,1.0
NC_031239.1,Gordonia terrae,0.15
NC_031241.1,Staphylococcus hominis,1.0
NC_031242.1,Synechococcus sp. WH 8102,0.97
NC_031243.1,Mycolicibacterium smegmatis,1.0
NC_031245.1,Bacillus subtilis,1.0
NC_031246.1,Acinetobacter baumannii,1.0
NC_031247.1,Gordonia terrae,1.0
NC_031249.1,Gordonia terrae,1.0
NC_031250.1,Salmonella enterica,1.0
NC_031251.1,Gordonia terrae,0.9
NC_031252.1,Mycolicibacterium smegmatis,0.0
NC_031253.1,Gordonia terrae,1.0
NC_031254.1,Halorubrum coriense,0.99
NC_031255.2,Gordonia terrae,1.0
NC_031256.1,Mycolicibacterium smegmatis,1.0
NC_031257.1,Mycolicibacterium smegmatis,1.0
NC_031258.1,Pasteurella multocida,1.0
NC_031260.1,Enterococcus faecalis,1.0
NC_031261.1,Mycolicibacterium smegmatis,1.0
NC_031262.1,Mycolicibacterium smegmatis,1.0
NC_031263.1,Mycolicibacterium smegmatis,1.0
NC_031264.1,Brucella inopinata,1.0
NC_031265.1,Gordonia terrae,1.0
NC_031266.1,Mycolicibacterium smegmatis,1.0
NC_031267.1,Gordonia terrae,0.97
NC_031269.1,Gordonia terrae,1.0
NC_031271.1,Vibrio alginolyticus,0.99
NC_031274.1,Vibrio cholerae,1.0
NC_031277.1,Mycolicibacterium phlei,1.0
NC_031279.1,Mycolicibacterium smegmatis,1.0
NC_031280.1,Acinetobacter baumannii,1.0
NC_031281.1,Mycolicibacterium smegmatis,1.0
NC_031900.1,Synechococcus sp. WH 8102,0.94
NC_031901.1,Streptococcus pneumoniae,0.84
NC_031902.1,Salmonella enterica,1.0
NC_031903.1,Delftia acidovorans,1.0
NC_031904.1,Flavobacterium psychrophilum,0.99
NC_031905.1,Flavobacterium psychrophilum,1.0
NC_031906.1,Synechococcus sp. WH 8102,0.99
NC_031907.1,Streptococcus pneumoniae,0.99
NC_031908.1,Vibrio parahaemolyticus,1.0
NC_031909.1,Campylobacter jejuni,1.0
NC_031910.1,Streptococcus pneumoniae,0.99
NC_031911.1,Flavobacterium psychrophilum,1.0
NC_031912.1,Flavobacterium psychrophilum,0.99
NC_031913.1,Streptococcus oralis,1.0
NC_031914.1,Flavobacterium psychrophilum,0.99
NC_031915.1,Streptococcus oralis,1.0
NC_031917.1,Pseudoalteromonas atlantica,1.0
NC_031918.1,Pectobacterium carotovorum,0.98
NC_031919.1,Flavobacterium psychrophilum,1.0
NC_031920.1,Streptococcus pneumoniae,1.0
NC_031921.1,Flavobacterium psychrophilum,1.0
NC_031922.1,Synechococcus sp. WH 8102,0.98
NC_031923.1,Streptococcus pneumoniae,1.0
NC_031924.1,Klebsiella pneumoniae,1.0
NC_031925.1,Salmonella enterica,1.0
NC_031926.1,Flavobacterium psychrophilum,1.0
NC_031927.1,Synechococcus sp. WH 8109,0.96
NC_031928.1,Escherichia coli,1.0
NC_031929.1,Streptococcus pneumoniae,0.99
NC_031930.1,Achromobacter xylosoxidans,0.29
NC_031931.1,Flavobacterium psychrophilum,0.99
NC_031932.1,Flavobacterium psychrophilum,1.0
NC_031933.1,Salmonella enterica,1.0
NC_031934.1,Escherichia coli,1.0
NC_031935.1,Caulobacter vibrioides,0.99
NC_031936.1,Gordonia terrae,1.0
NC_031937.1,Pasteurella multocida,1.0
NC_031938.1,Flavobacterium psychrophilum,1.0
NC_031939.1,Escherichia coli,1.0
NC_031940.1,Shigella flexneri,1.0
NC_031941.1,Streptococcus oralis,1.0
NC_031942.1,Streptococcus mitis,1.0
NC_031943.1,Escherichia coli,1.0
NC_031944.1,Synechococcus sp. WH 8102,0.98
NC_031945.1,Flavobacterium psychrophilum,1.0
NC_031946.1,Salmonella enterica,1.0
NC_034248.1,Ruegeria pomeroyi,1.0
NC_041831.1,Campylobacter jejuni,1.0
NC_041832.1,Campylobacter jejuni,1.0
NC_041833.1,Campylobacter jejuni,1.0
NC_041834.1,Campylobacter jejuni,1.0
NC_041844.1,Mycolicibacterium smegmatis,1.0
NC_041845.1,Flavobacterium columnare,1.0
NC_041846.1,Mycolicibacterium smegmatis,1.0
NC_041847.1,Mycolicibacterium smegmatis,1.0
NC_041848.1,Escherichia coli,1.0
NC_041849.1,Streptomyces griseus,1.0
NC_041850.1,Mycolicibacterium smegmatis,1.0
NC_041851.1,Pseudomonas aeruginosa,1.0
NC_041852.1,Mycolicibacterium smegmatis,1.0
NC_041853.1,Mycolicibacterium smegmatis,1.0
NC_041854.1,Pantoea agglomerans,1.0
NC_041855.1,Mycolicibacterium smegmatis,1.0
NC_041856.1,Streptomyces griseus,1.0
NC_041857.1,Vibrio splendidus,1.0
NC_041858.1,Bacillus pumilus,1.0
NC_041859.1,Flavobacterium psychrophilum,1.0
NC_041860.1,Streptomyces griseus,0.99
NC_041861.1,Enterococcus faecalis,1.0
NC_041862.1,Listeria monocytogenes,1.0
NC_041863.1,Proteus mirabilis,1.0
NC_041864.1,Proteus mirabilis,1.0
NC_041865.1,Pseudomonas aeruginosa,1.0
NC_041866.1,Acinetobacter johnsonii,1.0
NC_041867.1,Paenibacillus larvae,1.0
NC_041868.1,Pseudomonas aeruginosa,0.98
NC_041869.1,Escherichia coli,1.0
NC_041870.1,Pseudomonas aeruginosa,1.0
NC_041871.1,Lactobacillus plantarum,1.0
NC_041872.1,Flavobacterium psychrophilum,0.99
NC_041873.1,Salmonella enterica,1.0
NC_041874.1,Klebsiella pneumoniae,1.0
NC_041875.1,Escherichia coli,1.0
NC_041876.1,Microbacterium oxydans,1.0
NC_041877.1,Pseudomonas aeruginosa,1.0
NC_041878.1,Pectobacterium carotovorum,1.0
NC_041879.1,Bacillus megaterium,0.15
NC_041880.1,Pseudomonas syringae,0.95
NC_041881.1,Actinomyces naeslundii,0.98
NC_041882.1,Mycolicibacterium smegmatis,1.0
NC_041883.1,Gordonia terrae,0.9
NC_041884.1,Glaesserella parasuis,1.0
NC_041885.1,Salmonella enterica,1.0
NC_041886.1,Gordonia terrae,1.0
NC_041887.1,Prochlorococcus marinus,0.78
NC_041888.1,Mycolicibacterium smegmatis,0.47
NC_041889.1,Rhodococcus hoagii,1.0
NC_041890.1,Propionibacterium freudenreichii,1.0
NC_041891.1,Propionibacterium freudenreichii,1.0
NC_041892.1,Propionibacterium freudenreichii,1.0
NC_041893.1,Propionibacterium freudenreichii,1.0
NC_041894.1,Propionibacterium freudenreichii,1.0
NC_041895.1,Propionibacterium freudenreichii,1.0
NC_041896.1,Campylobacter jejuni,1.0
NC_041897.1,Salmonella enterica,1.0
NC_041898.1,Salmonella enterica,1.0
NC_041899.1,Lactobacillus jensenii,0.95
NC_041900.1,Vibrio cholerae,0.44
NC_041901.1,Mycolicibacterium smegmatis,0.99
NC_041902.1,Pseudomonas aeruginosa,1.0
NC_041903.1,Pseudomonas aeruginosa,0.86
NC_041904.1,Pseudomonas aeruginosa,0.86
NC_041905.1,Acinetobacter baumannii,1.0
NC_041906.1,Vibrio cholerae,0.99
NC_041907.1,Pseudomonas aeruginosa,0.97
NC_041908.1,Escherichia coli,0.94
NC_041909.1,Paenibacillus larvae,1.0
NC_041910.1,Vibrio parahaemolyticus,1.0
NC_041911.1,Cronobacter sakazakii,0.55
NC_041912.1,Pseudomonas fluorescens,1.0
NC_041913.1,Vibrio cholerae,1.0
NC_041914.1,Acinetobacter baumannii,1.0
NC_041915.1,Acinetobacter baumannii,1.0
NC_041916.1,Pseudomonas aeruginosa,0.07
NC_041917.1,Pectobacterium carotovorum,1.0
NC_041918.1,Bdellovibrio bacteriovorus,0.44
NC_041919.1,Escherichia coli,1.0
NC_041920.1,Proteus mirabilis,1.0
NC_041921.1,Pseudomonas aeruginosa,0.23
NC_041922.1,Escherichia coli,1.0
NC_041923.1,Escherichia coli,1.0
NC_041924.1,Vibrio splendidus,1.0
NC_041925.1,Salmonella enterica,0.11
NC_041926.1,Escherichia coli,0.96
NC_041927.1,Caulobacter vibrioides,1.0
NC_041928.1,Staphylococcus epidermidis,1.0
NC_041929.1,Synechococcus sp. WH 8102,0.54
NC_041930.1,Mycolicibacterium smegmatis,0.0
NC_041931.1,Mycolicibacterium smegmatis,0.0
NC_041932.1,Mycolicibacterium smegmatis,0.0
NC_041933.1,Mycolicibacterium smegmatis,0.0
NC_041934.1,Pseudomonas aeruginosa,1.0
NC_041935.1,Cronobacter sakazakii,1.0
NC_041936.1,Proteus mirabilis,1.0
NC_041937.1,Escherichia coli,1.0
NC_041938.1,Gordonia terrae,1.0
NC_041939.1,Gordonia terrae,1.0
NC_041940.1,Gordonia terrae,1.0
NC_041941.1,Gordonia terrae,1.0
NC_041942.1,Gordonia terrae,1.0
NC_041943.1,Gordonia terrae,1.0
NC_041944.1,Gordonia terrae,1.0
NC_041945.1,Gordonia terrae,1.0
NC_041946.1,Gordonia terrae,1.0
NC_041947.1,Burkholderia cenocepacia,1.0
NC_041948.1,Rhodococcus hoagii,1.0
NC_041949.1,Delftia acidovorans,1.0
NC_041950.1,Gordonia terrae,1.0
NC_041951.1,Rhodococcus hoagii,1.0
NC_041952.1,Rhodococcus hoagii,1.0
NC_041953.1,Pseudomonas aeruginosa,1.0
NC_041954.1,Cutibacterium acnes,1.0
NC_041955.1,Cutibacterium acnes,1.0
NC_041956.1,Cutibacterium acnes,1.0
NC_041957.1,Cutibacterium acnes,1.0
NC_041958.1,Vibrio parahaemolyticus,1.0
NC_041959.1,Enterococcus faecalis,1.0
NC_041960.1,Enterococcus faecalis,1.0
NC_041962.1,Gordonia terrae,1.0
NC_041963.1,Burkholderia cenocepacia,0.84
NC_041964.1,Pseudomonas aeruginosa,1.0
NC_041965.1,Mycolicibacterium smegmatis,0.97
NC_041966.1,Vibrio splendidus,1.0
NC_041967.1,Acinetobacter baumannii,1.0
NC_041968.1,Pseudomonas aeruginosa,1.0
NC_041969.1,Mycolicibacterium smegmatis,0.99
NC_041970.1,Mycolicibacterium smegmatis,0.99
NC_041971.1,Azospirillum brasilense,1.0
NC_041972.1,Cronobacter sakazakii,0.6
NC_041973.1,Cronobacter sakazakii,0.75
NC_041974.1,Cronobacter sakazakii,0.73
NC_041975.1,Cronobacter sakazakii,0.55
NC_041976.1,Brevibacillus laterosporus,1.0
NC_041977.1,Escherichia coli,0.99
NC_041978.1,Erwinia amylovora,1.0
NC_041979.1,Escherichia coli,1.0
NC_041980.1,Proteus mirabilis,1.0
NC_041981.1,Proteus mirabilis,1.0
NC_041982.1,Mycolicibacterium smegmatis,1.0
NC_041983.1,Mycolicibacterium smegmatis,1.0
NC_041984.1,Mycolicibacterium smegmatis,1.0
NC_041985.1,Mycolicibacterium smegmatis,1.0
NC_041986.1,Mycolicibacterium smegmatis,1.0
NC_041987.1,Mycolicibacterium smegmatis,1.0
NC_041988.1,Mycolicibacterium smegmatis,1.0
NC_041989.1,Mycolicibacterium smegmatis,1.0
NC_041990.1,Proteus mirabilis,1.0
NC_041991.1,Salmonella enterica,1.0
NC_041992.1,Salmonella enterica,1.0
NC_041993.1,Mycolicibacterium smegmatis,1.0
NC_041994.1,Cronobacter sakazakii,0.57
NC_041995.1,Salmonella enterica,1.0
NC_041996.1,Yersinia enterocolitica,1.0
NC_041997.1,Actinomyces naeslundii,1.0
NC_041998.1,Acinetobacter soli,1.0
NC_041999.1,Mycolicibacterium smegmatis,0.0
NC_042000.1,Actinomyces naeslundii,1.0
NC_042001.1,Delftia acidovorans,1.0
NC_042002.1,Microbacterium oxydans,1.0
NC_042003.1,Acinetobacter baumannii,1.0
NC_042004.1,Acinetobacter baumannii,1.0
NC_042005.1,Acinetobacter baumannii,1.0
NC_042006.1,Acinetobacter baumannii,1.0
NC_042007.1,Acinetobacter baumannii,1.0
NC_042008.1,Streptomyces lividans,1.0
NC_042009.1,Prochlorococcus marinus,0.11
NC_042010.1,Prochlorococcus marinus,0.11
NC_042011.1,Prochlorococcus marinus,0.11
NC_042012.1,Prochlorococcus marinus,0.11
NC_042013.1,Escherichia coli,0.78
NC_042014.1,Azospirillum brasilense,1.0
NC_042015.1,Mycolicibacterium smegmatis,0.0
NC_042016.1,Rhodococcus hoagii,1.0
NC_042017.1,Escherichia coli,0.99
NC_042018.1,Cronobacter sakazakii,0.73
NC_042019.1,Escherichia coli,0.99
NC_042020.1,Escherichia coli,1.0
NC_042021.1,Enterococcus faecalis,1.0
NC_042022.1,Enterococcus faecalis,1.0
NC_042023.1,Enterococcus faecalis,1.0
NC_042024.1,Lactococcus lactis,1.0
NC_042025.1,Escherichia coli,0.92
NC_042027.1,Mycolicibacterium smegmatis,1.0
NC_042028.1,Vibrio splendidus,1.0
NC_042029.1,Salmonella enterica,1.0
NC_042030.1,Mycolicibacterium smegmatis,1.0
NC_042031.1,Mycolicibacterium smegmatis,1.0
NC_042032.1,Mycolicibacterium smegmatis,0.93
NC_042033.1,Mycolicibacterium smegmatis,0.97
NC_042034.1,Mycolicibacterium smegmatis,0.99
NC_042035.1,Mycolicibacterium smegmatis,0.99
NC_042036.1,Mycolicibacterium smegmatis,1.0
NC_042037.1,Aeromonas media,0.98
NC_042038.1,Salmonella enterica,1.0
NC_042039.1,Escherichia coli,1.0
NC_042040.1,Synechococcus sp. WH 8109,1.0
NC_042041.1,Vibrio cholerae,0.44
NC_042042.1,Rhodococcus hoagii,1.0
NC_042043.1,Salmonella enterica,1.0
NC_042044.1,Escherichia coli,1.0
NC_042045.1,Gordonia terrae,1.0
NC_042046.1,Salmonella enterica,1.0
NC_042047.1,Escherichia coli,0.99
NC_042048.1,Listeria monocytogenes,1.0
NC_042049.1,Rhodobacter capsulatus,1.0
NC_042050.1,Mycolicibacterium smegmatis,0.99
NC_042051.1,Streptomyces griseus,1.0
NC_042052.1,Streptomyces griseus,1.0
NC_042053.1,Mycolicibacterium smegmatis,0.0
NC_042054.1,Pseudomonas aeruginosa,1.0
NC_042055.1,Mycolicibacterium smegmatis,1.0
NC_042056.1,Pseudomonas aeruginosa,0.08
NC_042057.1,Escherichia coli,0.99
NC_042058.1,Mycolicibacterium smegmatis,1.0
NC_042060.1,Cronobacter sakazakii,0.22
NC_042061.1,Escherichia coli,0.99
NC_042062.1,Salmonella enterica,1.0
NC_042063.1,Salmonella enterica,0.14
NC_042065.1,Salmonella enterica,1.0
NC_042066.1,Escherichia coli,1.0
NC_042067.1,Proteus mirabilis,1.0
NC_042074.1,Vibrio cholerae,1.0
NC_042075.1,Escherichia coli,0.99
NC_042076.1,Escherichia coli,0.99
NC_042077.1,Escherichia coli,1.0
NC_042078.1,Escherichia coli,1.0
NC_042079.1,Pseudomonas aeruginosa,1.0
NC_042080.1,Pseudomonas aeruginosa,1.0
NC_042081.1,Cronobacter sakazakii,0.24
NC_042082.1,Pseudomonas aeruginosa,0.99
NC_042083.1,Gluconobacter frateurii,1.0
NC_042084.1,Salmonella enterica,1.0
NC_042085.1,Mycolicibacterium smegmatis,0.92
NC_042086.1,Escherichia coli,0.91
NC_042087.1,Mycolicibacterium smegmatis,0.92
NC_042088.1,Mycolicibacterium smegmatis,0.91
NC_042089.1,Mycolicibacterium smegmatis,0.99
NC_042090.1,Vibrio cholerae,0.99
NC_042091.1,Stenotrophomonas maltophilia,1.0
NC_042092.1,Pseudomonas aeruginosa,1.0
NC_042093.1,Vibrio cholerae,1.0
NC_042094.1,Escherichia coli,0.85
NC_042095.1,Escherichia coli,0.92
NC_042096.1,Escherichia coli,1.0
NC_042097.1,Escherichia coli,1.0
NC_042098.1,Cronobacter sakazakii,0.6
NC_042099.1,Mycolicibacterium smegmatis,1.0
NC_042100.1,Cronobacter sakazakii,0.55
NC_042101.1,Enterococcus faecalis,1.0
NC_042102.1,Mycolicibacterium smegmatis,0.76
NC_042103.1,Pseudomonas aeruginosa,1.0
NC_042104.1,Aeromonas media,1.0
NC_042105.1,Prochlorococcus marinus,1.0
NC_042106.1,Rhodococcus hoagii,1.0
NC_042107.1,Pseudomonas aeruginosa,1.0
NC_042108.1,Gordonia terrae,1.0
NC_042109.1,Streptomyces avermitilis,0.0
NC_042110.1,Streptomyces avermitilis,0.0
NC_042111.1,Streptomyces avermitilis,0.0
NC_042112.1,Campylobacter jejuni,1.0
NC_042113.1,Pseudomonas aeruginosa,1.0
NC_042114.1,Streptococcus mitis,1.0
NC_042115.1,Pseudomonas aeruginosa,1.0
NC_042116.1,Pectobacterium carotovorum,1.0
NC_042117.1,Mycolicibacterium smegmatis,0.0
NC_042118.1,Mycolicibacterium smegmatis,0.0
NC_042119.1,Ralstonia pickettii,1.0
NC_042120.1,Escherichia coli,0.39
NC_042121.1,Pseudoalteromonas sp. 10-33,1.0
NC_042122.1,Salmonella enterica,1.0
NC_042123.1,Mycolicibacterium smegmatis,1.0
NC_042124.1,Acinetobacter baumannii,1.0
NC_042125.1,Enterococcus faecalis,1.0
NC_042126.1,Enterococcus faecalis,1.0
NC_042127.1,Enterococcus faecalis,1.0
NC_042128.1,Shigella flexneri,1.0
NC_042129.1,Escherichia coli,1.0
NC_042130.1,Escherichia coli,1.0
NC_042131.1,Pantoea agglomerans,1.0
NC_042132.1,Mycolicibacterium smegmatis,0.97
NC_042133.1,Bacillus pumilus,1.0
NC_042134.1,Enterococcus faecalis,1.0
NC_042135.1,Pseudomonas aeruginosa,1.0
NC_042136.1,Cronobacter sakazakii,0.55
NC_042137.1,Burkholderia cenocepacia,0.79
NC_042138.1,Proteus mirabilis,1.0
NC_042139.1,Gordonia terrae,1.0
NC_042140.1,Bacillus cereus,1.0
NC_042307.1,Vibrio cholerae,1.0
NC_042308.1,Mycolicibacterium phlei,1.0
NC_042309.1,Mycolicibacterium smegmatis,1.0
NC_042310.1,Mycolicibacterium smegmatis,1.0
NC_042311.1,Mycolicibacterium smegmatis,1.0
NC_042312.1,Mycolicibacterium smegmatis,1.0
NC_042313.1,Mycolicibacterium smegmatis,1.0
NC_042314.1,Mycolicibacterium smegmatis,1.0
NC_042315.1,Mycolicibacterium smegmatis,1.0
NC_042316.1,Mycolicibacterium smegmatis,1.0
NC_042317.1,Mycolicibacterium smegmatis,1.0
NC_042318.1,Mycolicibacterium smegmatis,1.0
NC_042319.1,Mycolicibacterium smegmatis,1.0
NC_042320.1,Mycolicibacterium smegmatis,1.0
NC_042321.1,Mycolicibacterium smegmatis,1.0
NC_042322.1,Mycolicibacterium smegmatis,1.0
NC_042323.1,Mycolicibacterium smegmatis,1.0
NC_042324.1,Mycolicibacterium smegmatis,1.0
NC_042325.1,Mycolicibacterium smegmatis,1.0
NC_042326.1,Mycolicibacterium smegmatis,1.0
NC_042327.1,Mycolicibacterium smegmatis,1.0
NC_042328.1,Mycolicibacterium smegmatis,1.0
NC_042329.1,Mycolicibacterium smegmatis,1.0
NC_042330.1,Mycolicibacterium smegmatis,1.0
NC_042331.1,Mycolicibacterium smegmatis,1.0
NC_042332.1,Mycolicibacterium smegmatis,1.0
NC_042333.1,Mycolicibacterium smegmatis,1.0
NC_042334.1,Mycolicibacterium smegmatis,1.0
NC_042335.1,Mycolicibacterium smegmatis,1.0
NC_042336.1,Mycolicibacterium smegmatis,1.0
NC_042337.1,Mycolicibacterium smegmatis,1.0
NC_042338.1,Mycolicibacterium smegmatis,1.0
NC_042339.1,Mycolicibacterium smegmatis,1.0
NC_042340.1,Mycolicibacterium smegmatis,1.0
NC_042341.1,Mycolicibacterium smegmatis,1.0
NC_042342.1,Pseudomonas aeruginosa,0.94
NC_042343.1,Pseudomonas aeruginosa,1.0
NC_042344.1,Cronobacter sakazakii,0.48
NC_042345.1,Achromobacter xylosoxidans,0.27
NC_042346.1,Cronobacter sakazakii,1.0
NC_042348.1,Cutibacterium acnes,1.0
NC_042349.1,Nocardia brasiliensis,0.0
NC_042350.1,Methanothermobacter marburgensis,0.0
NC_042351.1,Nocardia brasiliensis,0.0
NC_042352.1,Vibrio vulnificus,1.0
NC_042353.1,Vibrio vulnificus,1.0
NC_042354.1,Gordonia terrae,0.87
NC_042355.1,Gordonia terrae,0.87
NC_042564.1,Proteus mirabilis,1.0
NC_043027.1,Acidianus hospitalis,1.0
NC_043469.1,Klebsiella pneumoniae,1.0
NC_043767.1,Mycolicibacterium smegmatis,0.99
